LOCATION,INDICATOR,SUBJECT,MEASURE,FREQUENCY,TIME,Value,value_fixed,Flag Codes
AUS,POP,WOMEN,MLN_PER,A,2000,9585.337,9.585337,
AUS,POP,WOMEN,MLN_PER,A,2001,9712.875,9.712875,
AUS,POP,WOMEN,MLN_PER,A,2002,9819.727,9.819727,
AUS,POP,WOMEN,MLN_PER,A,2003,9933.14,9.93314,
AUS,POP,WOMEN,MLN_PER,A,2004,10036.771,10.036771,
AUS,POP,WOMEN,MLN_PER,A,2005,10157.211,10.157211,
AUS,POP,WOMEN,MLN_PER,A,2006,10291.542,10.291542,
AUS,POP,WOMEN,MLN_PER,A,2007,10473.986,10.473986,
AUS,POP,WOMEN,MLN_PER,A,2008,10677.154,10.677154,
AUS,POP,WOMEN,MLN_PER,A,2009,10890.856,10.890856,
AUS,POP,WOMEN,MLN_PER,A,2010,11063.919,11.063919,
AUS,POP,WOMEN,MLN_PER,A,2011,11221.79,11.22179,
AUS,POP,WOMEN,MLN_PER,A,2012,11420.486,11.420486,
AUS,POP,WOMEN,MLN_PER,A,2013,11621.964,11.621964,
AUS,POP,WOMEN,MLN_PER,A,2014,11807.8,11.8078,
AUS,POP,WOMEN,MLN_PER,A,2015,11988.343,11.988343,
AUS,POP,WOMEN,MLN_PER,A,2016,12187.868,12.187868,
AUS,POP,WOMEN,MLN_PER,A,2017,12398.09,12.39809,
AUS,POP,WOMEN,MLN_PER,A,2018,12591.646,12.591646,
AUS,POP,WOMEN,MLN_PER,A,2019,12786.368,12.786368,
AUS,POP,WOMEN,MLN_PER,A,2020,12961.702,12.961702,
AUT,POP,WOMEN,MLN_PER,A,2000,4136.849,4.136849,
AUT,POP,WOMEN,MLN_PER,A,2001,4148.373,4.148373,
AUT,POP,WOMEN,MLN_PER,A,2002,4163.181,4.163181,
AUT,POP,WOMEN,MLN_PER,A,2003,4177.96,4.17796,
AUT,POP,WOMEN,MLN_PER,A,2004,4201.74,4.20174,
AUT,POP,WOMEN,MLN_PER,A,2005,4226.326,4.226326,
AUT,POP,WOMEN,MLN_PER,A,2006,4245.432,4.245432,
AUT,POP,WOMEN,MLN_PER,A,2007,4258.641,4.258641,
AUT,POP,WOMEN,MLN_PER,A,2008,4271.326,4.271326,
AUT,POP,WOMEN,MLN_PER,A,2009,4280.288,4.280288,
AUT,POP,WOMEN,MLN_PER,A,2010,4289.296,4.289296,
AUT,POP,WOMEN,MLN_PER,A,2011,4301.346,4.301346,
AUT,POP,WOMEN,MLN_PER,A,2012,4316.88,4.31688,
AUT,POP,WOMEN,MLN_PER,A,2013,4338.537,4.338537,
AUT,POP,WOMEN,MLN_PER,A,2014,4367.382,4.367382,
AUT,POP,WOMEN,MLN_PER,A,2015,4400.443,4.400443,
AUT,POP,WOMEN,MLN_PER,A,2016,4444.642,4.444642,
AUT,POP,WOMEN,MLN_PER,A,2017,4470.336,4.470336,
AUT,POP,WOMEN,MLN_PER,A,2018,4490.959,4.490959,
AUT,POP,WOMEN,MLN_PER,A,2019,4510.346,4.510346,
AUT,POP,WOMEN,MLN_PER,A,2020,4528.725,4.528725,
BEL,POP,WOMEN,MLN_PER,A,2000,5239.235,5.239235,
BEL,POP,WOMEN,MLN_PER,A,2001,5256.415,5.256415,
BEL,POP,WOMEN,MLN_PER,A,2002,5278.199,5.278199,
BEL,POP,WOMEN,MLN_PER,A,2003,5299.099,5.299099,
BEL,POP,WOMEN,MLN_PER,A,2004,5321.887,5.321887,
BEL,POP,WOMEN,MLN_PER,A,2005,5351.044,5.351044,
BEL,POP,WOMEN,MLN_PER,A,2006,5385.342,5.385342,
BEL,POP,WOMEN,MLN_PER,A,2007,5422.842,5.422842,
BEL,POP,WOMEN,MLN_PER,A,2008,5463.494,5.463494,
BEL,POP,WOMEN,MLN_PER,A,2009,5506.058,5.506058,
BEL,POP,WOMEN,MLN_PER,A,2010,5554.363,5.554363,
BEL,POP,WOMEN,MLN_PER,A,2011,5601.593,5.601593,
BEL,POP,WOMEN,MLN_PER,A,2012,5637.105,5.637105,
BEL,POP,WOMEN,MLN_PER,A,2013,5664.133,5.664133,
BEL,POP,WOMEN,MLN_PER,A,2014,5690.077,5.690077,
BEL,POP,WOMEN,MLN_PER,A,2015,5717.162,5.717162,
BEL,POP,WOMEN,MLN_PER,A,2016,5742.234,5.742234,
BEL,POP,WOMEN,MLN_PER,A,2017,5766.124,5.766124,
BEL,POP,WOMEN,MLN_PER,A,2018,5790.674,5.790674,
BEL,POP,WOMEN,MLN_PER,A,2019,5817.88,5.81788,
BEL,POP,WOMEN,MLN_PER,A,2020,5838.303,5.838303,
CAN,POP,WOMEN,MLN_PER,A,2000,15491.918,15.491918,
CAN,POP,WOMEN,MLN_PER,A,2001,15654.302,15.654302,
CAN,POP,WOMEN,MLN_PER,A,2002,15822.503,15.822503,
CAN,POP,WOMEN,MLN_PER,A,2003,15964.718,15.964718,
CAN,POP,WOMEN,MLN_PER,A,2004,16113.565,16.113565,
CAN,POP,WOMEN,MLN_PER,A,2005,16263.745,16.263745,
CAN,POP,WOMEN,MLN_PER,A,2006,16426.415,16.426415,
CAN,POP,WOMEN,MLN_PER,A,2007,16590.173,16.590173,
CAN,POP,WOMEN,MLN_PER,A,2008,16772.94,16.77294,
CAN,POP,WOMEN,MLN_PER,A,2009,16965.482,16.965482,
CAN,POP,WOMEN,MLN_PER,A,2010,17157.066,17.157066,
CAN,POP,WOMEN,MLN_PER,A,2011,17324.8,17.3248,
CAN,POP,WOMEN,MLN_PER,A,2012,17504.322,17.504322,
CAN,POP,WOMEN,MLN_PER,A,2013,17681.789,17.681789,
CAN,POP,WOMEN,MLN_PER,A,2014,17855.738,17.855738,
CAN,POP,WOMEN,MLN_PER,A,2015,17990.107,17.990107,
CAN,POP,WOMEN,MLN_PER,A,2016,18192.991,18.192991,
CAN,POP,WOMEN,MLN_PER,A,2017,18409.073,18.409073,
CAN,POP,WOMEN,MLN_PER,A,2018,18658.841,18.658841,
CAN,POP,WOMEN,MLN_PER,A,2019,18914.877,18.914877,
CAN,POP,WOMEN,MLN_PER,A,2020,19119.977,19.119977,
CZE,POP,WOMEN,MLN_PER,A,2000,5273.177,5.273177,
CZE,POP,WOMEN,MLN_PER,A,2001,5245.241,5.245241,
CZE,POP,WOMEN,MLN_PER,A,2002,5236.176,5.236176,
CZE,POP,WOMEN,MLN_PER,A,2003,5233.462,5.233462,
CZE,POP,WOMEN,MLN_PER,A,2004,5235.193,5.235193,
CZE,POP,WOMEN,MLN_PER,A,2005,5242.653,5.242653,
CZE,POP,WOMEN,MLN_PER,A,2006,5253.606,5.253606,
CZE,POP,WOMEN,MLN_PER,A,2007,5274.588,5.274588,
CZE,POP,WOMEN,MLN_PER,A,2008,5316.36,5.31636,
CZE,POP,WOMEN,MLN_PER,A,2009,5340.983,5.340983,
CZE,POP,WOMEN,MLN_PER,A,2010,5356.465,5.356465,
CZE,POP,WOMEN,MLN_PER,A,2011,5343.663,5.343663,
CZE,POP,WOMEN,MLN_PER,A,2012,5348.373,5.348373,
CZE,POP,WOMEN,MLN_PER,A,2013,5349.102,5.349102,
CZE,POP,WOMEN,MLN_PER,A,2014,5355.637,5.355637,
CZE,POP,WOMEN,MLN_PER,A,2015,5362.7,5.3627,
CZE,POP,WOMEN,MLN_PER,A,2016,5372.272,5.372272,
CZE,POP,WOMEN,MLN_PER,A,2017,5381.951,5.381951,
CZE,POP,WOMEN,MLN_PER,A,2018,5396.057,5.396057,
CZE,POP,WOMEN,MLN_PER,A,2019,5412.46,5.41246,
CZE,POP,WOMEN,MLN_PER,A,2020,5425.995,5.425995,
DNK,POP,WOMEN,MLN_PER,A,2000,2699.466,2.699466,
DNK,POP,WOMEN,MLN_PER,A,2001,2707.833,2.707833,
DNK,POP,WOMEN,MLN_PER,A,2002,2716.914,2.716914,
DNK,POP,WOMEN,MLN_PER,A,2003,2722.648,2.722648,
DNK,POP,WOMEN,MLN_PER,A,2004,2729.27,2.72927,
DNK,POP,WOMEN,MLN_PER,A,2005,2736.121,2.736121,
DNK,POP,WOMEN,MLN_PER,A,2006,2744.388,2.744388,
DNK,POP,WOMEN,MLN_PER,A,2007,2754.521,2.754521,
DNK,POP,WOMEN,MLN_PER,A,2008,2769.006,2.769006,
DNK,POP,WOMEN,MLN_PER,A,2009,2783.458,2.783458,
DNK,POP,WOMEN,MLN_PER,A,2010,2795.634,2.795634,
DNK,POP,WOMEN,MLN_PER,A,2011,2806.716,2.806716,
DNK,POP,WOMEN,MLN_PER,A,2012,2815.877,2.815877,
DNK,POP,WOMEN,MLN_PER,A,2013,2826.123,2.826123,
DNK,POP,WOMEN,MLN_PER,A,2014,2839.824,2.839824,
DNK,POP,WOMEN,MLN_PER,A,2015,2855.813,2.855813,
DNK,POP,WOMEN,MLN_PER,A,2016,2876.426,2.876426,
DNK,POP,WOMEN,MLN_PER,A,2017,2893.742,2.893742,
DNK,POP,WOMEN,MLN_PER,A,2018,2908.337,2.908337,
DNK,POP,WOMEN,MLN_PER,A,2019,2920.505,2.920505,
DNK,POP,WOMEN,MLN_PER,A,2020,2927.681,2.927681,
FIN,POP,WOMEN,MLN_PER,A,2000,2650.022,2.650022,
FIN,POP,WOMEN,MLN_PER,A,2001,2654.537,2.654537,
FIN,POP,WOMEN,MLN_PER,A,2002,2659.341,2.659341,
FIN,POP,WOMEN,MLN_PER,A,2003,2664.106,2.664106,
FIN,POP,WOMEN,MLN_PER,A,2004,2670.685,2.670685,
FIN,POP,WOMEN,MLN_PER,A,2005,2678.886,2.678886,
FIN,POP,WOMEN,MLN_PER,A,2006,2688.223,2.688223,
FIN,POP,WOMEN,MLN_PER,A,2007,2698.451,2.698451,
FIN,POP,WOMEN,MLN_PER,A,2008,2709.177,2.709177,
FIN,POP,WOMEN,MLN_PER,A,2009,2720.512,2.720512,
FIN,POP,WOMEN,MLN_PER,A,2010,2731.604,2.731604,
FIN,POP,WOMEN,MLN_PER,A,2011,2742.799,2.742799,
FIN,POP,WOMEN,MLN_PER,A,2012,2754.391,2.754391,
FIN,POP,WOMEN,MLN_PER,A,2013,2765.478,2.765478,
FIN,POP,WOMEN,MLN_PER,A,2014,2775.397,2.775397,
FIN,POP,WOMEN,MLN_PER,A,2015,2782.852,2.782852,
FIN,POP,WOMEN,MLN_PER,A,2016,2788.392,2.788392,
FIN,POP,WOMEN,MLN_PER,A,2017,2792.482,2.792482,
FIN,POP,WOMEN,MLN_PER,A,2018,2794.313,2.794313,
FIN,POP,WOMEN,MLN_PER,A,2019,2795.83,2.79583,
FIN,POP,WOMEN,MLN_PER,A,2020,2798.508,2.798508,
FRA,POP,WOMEN,MLN_PER,A,2000,31261.871,31.261871,
FRA,POP,WOMEN,MLN_PER,A,2001,31503.561,31.503561,
FRA,POP,WOMEN,MLN_PER,A,2002,31746.213,31.746213,
FRA,POP,WOMEN,MLN_PER,A,2003,31982.904,31.982904,
FRA,POP,WOMEN,MLN_PER,A,2004,32232.036,32.232036,
FRA,POP,WOMEN,MLN_PER,A,2005,32490.51,32.49051,
FRA,POP,WOMEN,MLN_PER,A,2006,32717.508,32.717508,
FRA,POP,WOMEN,MLN_PER,A,2007,32911.253,32.911253,
FRA,POP,WOMEN,MLN_PER,A,2008,33091.11,33.09111,
FRA,POP,WOMEN,MLN_PER,A,2009,33256.028,33.256028,
FRA,POP,WOMEN,MLN_PER,A,2010,33412.925,33.412925,
FRA,POP,WOMEN,MLN_PER,A,2011,33572.806,33.572806,
FRA,POP,WOMEN,MLN_PER,A,2012,33731.249,33.731249,
FRA,POP,WOMEN,MLN_PER,A,2013,33898.446,33.898446,
FRA,POP,WOMEN,MLN_PER,A,2014,34184.117,34.184117,
FRA,POP,WOMEN,MLN_PER,A,2015,34319.022,34.319022,
FRA,POP,WOMEN,MLN_PER,A,2016,34424.889,34.424889,
FRA,POP,WOMEN,MLN_PER,A,2017,34535.809,34.535809,
FRA,POP,WOMEN,MLN_PER,A,2018,34639.414,34.639414,
FRA,POP,WOMEN,MLN_PER,A,2019,34727.464,34.727464,
FRA,POP,WOMEN,MLN_PER,A,2020,34808.722,34.808722,
DEU,POP,WOMEN,MLN_PER,A,2000,42087.848,42.087848,
DEU,POP,WOMEN,MLN_PER,A,2001,42134.316,42.134316,
DEU,POP,WOMEN,MLN_PER,A,2002,42178.716,42.178716,
DEU,POP,WOMEN,MLN_PER,A,2003,42183.725,42.183725,
DEU,POP,WOMEN,MLN_PER,A,2004,42161.445,42.161445,
DEU,POP,WOMEN,MLN_PER,A,2005,42122.629,42.122629,
DEU,POP,WOMEN,MLN_PER,A,2006,42055.883,42.055883,
DEU,POP,WOMEN,MLN_PER,A,2007,41978.642,41.978642,
DEU,POP,WOMEN,MLN_PER,A,2008,41880.811,41.880811,
DEU,POP,WOMEN,MLN_PER,A,2009,41758.36,41.75836,
DEU,POP,WOMEN,MLN_PER,A,2010,41668.915,41.668915,
DEU,POP,WOMEN,MLN_PER,A,2011,41097.71,41.09771,
DEU,POP,WOMEN,MLN_PER,A,2012,41120.365,41.120365,
DEU,POP,WOMEN,MLN_PER,A,2013,41176.655,41.176655,
DEU,POP,WOMEN,MLN_PER,A,2014,41286.307,41.286307,
DEU,POP,WOMEN,MLN_PER,A,2015,41511.818,41.511818,
DEU,POP,WOMEN,MLN_PER,A,2016,41743.046,41.743046,
DEU,POP,WOMEN,MLN_PER,A,2017,41886.659,41.886659,
DEU,POP,WOMEN,MLN_PER,A,2018,42000.654,42.000654,
DEU,POP,WOMEN,MLN_PER,A,2019,42090.81,42.09081,
DEU,POP,WOMEN,MLN_PER,A,2020,42128.807,42.128807,
GRC,POP,WOMEN,MLN_PER,A,2000,5490.022,5.490022,
GRC,POP,WOMEN,MLN_PER,A,2001,5506.58,5.50658,
GRC,POP,WOMEN,MLN_PER,A,2002,5514.108,5.514108,
GRC,POP,WOMEN,MLN_PER,A,2003,5527.645,5.527645,
GRC,POP,WOMEN,MLN_PER,A,2004,5542.873,5.542873,
GRC,POP,WOMEN,MLN_PER,A,2005,5561.388,5.561388,
GRC,POP,WOMEN,MLN_PER,A,2006,5582.547,5.582547,
GRC,POP,WOMEN,MLN_PER,A,2007,5603.373,5.603373,
GRC,POP,WOMEN,MLN_PER,A,2008,5625.818,5.625818,
GRC,POP,WOMEN,MLN_PER,A,2009,5648.54,5.64854,
GRC,POP,WOMEN,MLN_PER,A,2010,5664.187,5.664187,
GRC,POP,WOMEN,MLN_PER,A,2011,5666.236,5.666236,
GRC,POP,WOMEN,MLN_PER,A,2012,5649.941,5.649941,
GRC,POP,WOMEN,MLN_PER,A,2013,5625.465,5.625465,
GRC,POP,WOMEN,MLN_PER,A,2014,5601.6,5.6016,
GRC,POP,WOMEN,MLN_PER,A,2015,5574.583,5.574583,
GRC,POP,WOMEN,MLN_PER,A,2016,5553.222,5.553222,
GRC,POP,WOMEN,MLN_PER,A,2017,5539.021,5.539021,
GRC,POP,WOMEN,MLN_PER,A,2018,5523.712,5.523712,
GRC,POP,WOMEN,MLN_PER,A,2019,5509.696,5.509696,
GRC,POP,WOMEN,MLN_PER,A,2020,5504.661,5.504661,
HUN,POP,WOMEN,MLN_PER,A,2000,5352.866,5.352866,
HUN,POP,WOMEN,MLN_PER,A,2001,5343.579,5.343579,
HUN,POP,WOMEN,MLN_PER,A,2002,5330.891,5.330891,
HUN,POP,WOMEN,MLN_PER,A,2003,5318.267,5.318267,
HUN,POP,WOMEN,MLN_PER,A,2004,5308.529,5.308529,
HUN,POP,WOMEN,MLN_PER,A,2005,5298.219,5.298219,
HUN,POP,WOMEN,MLN_PER,A,2006,5289.541,5.289541,
HUN,POP,WOMEN,MLN_PER,A,2007,5281.459,5.281459,
HUN,POP,WOMEN,MLN_PER,A,2008,5271.883,5.271883,
HUN,POP,WOMEN,MLN_PER,A,2009,5262.676,5.262676,
HUN,POP,WOMEN,MLN_PER,A,2010,5249.62,5.24962,
HUN,POP,WOMEN,MLN_PER,A,2011,5224.54,5.22454,
HUN,POP,WOMEN,MLN_PER,A,2012,5200.052,5.200052,
HUN,POP,WOMEN,MLN_PER,A,2013,5183.41,5.18341,
HUN,POP,WOMEN,MLN_PER,A,2014,5166.881,5.166881,
HUN,POP,WOMEN,MLN_PER,A,2015,5150.876,5.150876,
HUN,POP,WOMEN,MLN_PER,A,2016,5132.118,5.132118,
HUN,POP,WOMEN,MLN_PER,A,2017,5114.521,5.114521,
HUN,POP,WOMEN,MLN_PER,A,2018,5101.853,5.101853,
HUN,POP,WOMEN,MLN_PER,A,2019,5092.835,5.092835,
HUN,POP,WOMEN,MLN_PER,A,2020,5077.857,5.077857,
ISL,POP,WOMEN,MLN_PER,A,2000,140.434,0.140434,
ISL,POP,WOMEN,MLN_PER,A,2001,142.307,0.142307,
ISL,POP,WOMEN,MLN_PER,A,2002,143.653,0.143653,
ISL,POP,WOMEN,MLN_PER,A,2003,144.675,0.144675,
ISL,POP,WOMEN,MLN_PER,A,2004,145.789,0.145789,
ISL,POP,WOMEN,MLN_PER,A,2005,147.552,0.147552,
ISL,POP,WOMEN,MLN_PER,A,2006,149.893,0.149893,
ISL,POP,WOMEN,MLN_PER,A,2007,152.83,0.15283,
ISL,POP,WOMEN,MLN_PER,A,2008,155.928,0.155928,
ISL,POP,WOMEN,MLN_PER,A,2009,157.494,0.157494,
ISL,POP,WOMEN,MLN_PER,A,2010,158.069,0.158069,
ISL,POP,WOMEN,MLN_PER,A,2011,158.824,0.158824,
ISL,POP,WOMEN,MLN_PER,A,2012,159.817,0.159817,
ISL,POP,WOMEN,MLN_PER,A,2013,161.387,0.161387,
ISL,POP,WOMEN,MLN_PER,A,2014,163.133,0.163133,
ISL,POP,WOMEN,MLN_PER,A,2015,164.59,0.16459,
ISL,POP,WOMEN,MLN_PER,A,2016,166.284,0.166284,
ISL,POP,WOMEN,MLN_PER,A,2017,169.082,0.169082,
ISL,POP,WOMEN,MLN_PER,A,2018,172.502,0.172502,
ISL,POP,WOMEN,MLN_PER,A,2019,175.669,0.175669,
ISL,POP,WOMEN,MLN_PER,A,2020,178.473,0.178473,
IRL,POP,WOMEN,MLN_PER,A,2000,1906.59,1.90659,
IRL,POP,WOMEN,MLN_PER,A,2001,1934.07,1.93407,
IRL,POP,WOMEN,MLN_PER,A,2002,1971.039,1.971039,
IRL,POP,WOMEN,MLN_PER,A,2003,2002.939,2.002939,
IRL,POP,WOMEN,MLN_PER,A,2004,2033.274,2.033274,
IRL,POP,WOMEN,MLN_PER,A,2005,2072.008,2.072008,
IRL,POP,WOMEN,MLN_PER,A,2006,2115.607,2.115607,
IRL,POP,WOMEN,MLN_PER,A,2007,2184.567,2.184567,
IRL,POP,WOMEN,MLN_PER,A,2008,2246.489,2.246489,
IRL,POP,WOMEN,MLN_PER,A,2009,2276.053,2.276053,
IRL,POP,WOMEN,MLN_PER,A,2010,2292.582,2.292582,
IRL,POP,WOMEN,MLN_PER,A,2011,2304.382,2.304382,
IRL,POP,WOMEN,MLN_PER,A,2012,2318.68,2.31868,
IRL,POP,WOMEN,MLN_PER,A,2013,2328.538,2.328538,
IRL,POP,WOMEN,MLN_PER,A,2014,2346.399,2.346399,
IRL,POP,WOMEN,MLN_PER,A,2015,2370.069,2.370069,
IRL,POP,WOMEN,MLN_PER,A,2016,2393.051,2.393051,
IRL,POP,WOMEN,MLN_PER,A,2017,2420.384,2.420384,
IRL,POP,WOMEN,MLN_PER,A,2018,2451.263,2.451263,
IRL,POP,WOMEN,MLN_PER,A,2019,2483.49,2.48349,
IRL,POP,WOMEN,MLN_PER,A,2020,2511.872,2.511872,
ITA,POP,WOMEN,MLN_PER,A,2000,29372.449,29.372449,
ITA,POP,WOMEN,MLN_PER,A,2001,29394.672,29.394672,
ITA,POP,WOMEN,MLN_PER,A,2002,29452.156,29.452156,
ITA,POP,WOMEN,MLN_PER,A,2003,29603.801,29.603801,
ITA,POP,WOMEN,MLN_PER,A,2004,29812.164,29.812164,
ITA,POP,WOMEN,MLN_PER,A,2005,29977.383,29.977383,
ITA,POP,WOMEN,MLN_PER,A,2006,30097.335,30.097335,
ITA,POP,WOMEN,MLN_PER,A,2007,30286.647,30.286647,
ITA,POP,WOMEN,MLN_PER,A,2008,30528.336,30.528336,
ITA,POP,WOMEN,MLN_PER,A,2009,30713.313,30.713313,
ITA,POP,WOMEN,MLN_PER,A,2010,30860.476,30.860476,
ITA,POP,WOMEN,MLN_PER,A,2011,30974.257,30.974257,
ITA,POP,WOMEN,MLN_PER,A,2012,31049.119,31.049119,
ITA,POP,WOMEN,MLN_PER,A,2013,31093.905,31.093905,
ITA,POP,WOMEN,MLN_PER,A,2014,31085.787,31.085787,
ITA,POP,WOMEN,MLN_PER,A,2015,31018.921,31.018921,
ITA,POP,WOMEN,MLN_PER,A,2016,30929.374,30.929374,
ITA,POP,WOMEN,MLN_PER,A,2017,30834.692,30.834692,
ITA,POP,WOMEN,MLN_PER,A,2018,30733.389,30.733389,
ITA,POP,WOMEN,MLN_PER,A,2019,30638.433,30.638433,
ITA,POP,WOMEN,MLN_PER,A,2020,30492.434,30.492434,
JPN,POP,WOMEN,MLN_PER,A,2000,64815.079,64.815079,
JPN,POP,WOMEN,MLN_PER,A,2001,65047,65.047,
JPN,POP,WOMEN,MLN_PER,A,2002,65183,65.183,
JPN,POP,WOMEN,MLN_PER,A,2003,65315,65.315,
JPN,POP,WOMEN,MLN_PER,A,2004,65392,65.392,
JPN,POP,WOMEN,MLN_PER,A,2005,65419.017,65.419017,
JPN,POP,WOMEN,MLN_PER,A,2006,65513.628,65.513628,
JPN,POP,WOMEN,MLN_PER,A,2007,65608.369,65.608369,
JPN,POP,WOMEN,MLN_PER,A,2008,65661.653,65.661653,
JPN,POP,WOMEN,MLN_PER,A,2009,65673.644,65.673644,
JPN,POP,WOMEN,MLN_PER,A,2010,65729.615,65.729615,
JPN,POP,WOMEN,MLN_PER,A,2011,65626.819,65.626819,
JPN,POP,WOMEN,MLN_PER,A,2012,65512.95,65.51295,
JPN,POP,WOMEN,MLN_PER,A,2013,65429.064,65.429064,
JPN,POP,WOMEN,MLN_PER,A,2014,65336.389,65.336389,
JPN,POP,WOMEN,MLN_PER,A,2015,65253.007,65.253007,
JPN,POP,WOMEN,MLN_PER,A,2016,65167.269,65.167269,
JPN,POP,WOMEN,MLN_PER,A,2017,65050.823,65.050823,
JPN,POP,WOMEN,MLN_PER,A,2018,64910.685,64.910685,
JPN,POP,WOMEN,MLN_PER,A,2019,64755.616,64.755616,
JPN,POP,WOMEN,MLN_PER,A,2020,64554,64.554,
KOR,POP,WOMEN,MLN_PER,A,2000,23341.342,23.341342,
KOR,POP,WOMEN,MLN_PER,A,2001,23515.193,23.515193,
KOR,POP,WOMEN,MLN_PER,A,2002,23653.359,23.653359,
KOR,POP,WOMEN,MLN_PER,A,2003,23771.458,23.771458,
KOR,POP,WOMEN,MLN_PER,A,2004,23871.779,23.871779,
KOR,POP,WOMEN,MLN_PER,A,2005,23941.327,23.941327,
KOR,POP,WOMEN,MLN_PER,A,2006,24068.731,24.068731,
KOR,POP,WOMEN,MLN_PER,A,2007,24192.448,24.192448,
KOR,POP,WOMEN,MLN_PER,A,2008,24383.06,24.38306,
KOR,POP,WOMEN,MLN_PER,A,2009,24533.494,24.533494,
KOR,POP,WOMEN,MLN_PER,A,2010,24672.998,24.672998,
KOR,POP,WOMEN,MLN_PER,A,2011,24866.771,24.866771,
KOR,POP,WOMEN,MLN_PER,A,2012,25012.473,25.012473,
KOR,POP,WOMEN,MLN_PER,A,2013,25143.574,25.143574,
KOR,POP,WOMEN,MLN_PER,A,2014,25301.582,25.301582,
KOR,POP,WOMEN,MLN_PER,A,2015,25429.053,25.429053,
KOR,POP,WOMEN,MLN_PER,A,2016,25546.854,25.546854,
KOR,POP,WOMEN,MLN_PER,A,2017,25625.118,25.625118,
KOR,POP,WOMEN,MLN_PER,A,2018,25743.131,25.743131,
KOR,POP,WOMEN,MLN_PER,A,2019,25795.803,25.795803,
KOR,POP,WOMEN,MLN_PER,A,2020,25834.842,25.834842,
LUX,POP,WOMEN,MLN_PER,A,2000,221.348,0.221348,
LUX,POP,WOMEN,MLN_PER,A,2001,223.961,0.223961,
LUX,POP,WOMEN,MLN_PER,A,2002,226.253,0.226253,
LUX,POP,WOMEN,MLN_PER,A,2003,228.77,0.22877,
LUX,POP,WOMEN,MLN_PER,A,2004,231.666,0.231666,
LUX,POP,WOMEN,MLN_PER,A,2005,235.025,0.235025,
LUX,POP,WOMEN,MLN_PER,A,2006,238.695,0.238695,
LUX,POP,WOMEN,MLN_PER,A,2007,242.291,0.242291,
LUX,POP,WOMEN,MLN_PER,A,2008,246.426,0.246426,
LUX,POP,WOMEN,MLN_PER,A,2009,250.661,0.250661,
LUX,POP,WOMEN,MLN_PER,A,2010,254.939,0.254939,
LUX,POP,WOMEN,MLN_PER,A,2011,260.129,0.260129,
LUX,POP,WOMEN,MLN_PER,A,2012,265.831,0.265831,
LUX,POP,WOMEN,MLN_PER,A,2013,271.595,0.271595,
LUX,POP,WOMEN,MLN_PER,A,2014,277.776,0.277776,
LUX,POP,WOMEN,MLN_PER,A,2015,284.021,0.284021,
LUX,POP,WOMEN,MLN_PER,A,2016,290.544,0.290544,
LUX,POP,WOMEN,MLN_PER,A,2017,296.724,0.296724,
LUX,POP,WOMEN,MLN_PER,A,2018,302.298,0.302298,
LUX,POP,WOMEN,MLN_PER,A,2019,308.158,0.308158,
LUX,POP,WOMEN,MLN_PER,A,2020,313.207,0.313207,
MEX,POP,WOMEN,MLN_PER,A,2000,50244.891,50.244891,
MEX,POP,WOMEN,MLN_PER,A,2001,50957.473,50.957473,
MEX,POP,WOMEN,MLN_PER,A,2002,51699.272,51.699272,
MEX,POP,WOMEN,MLN_PER,A,2003,52448.539,52.448539,
MEX,POP,WOMEN,MLN_PER,A,2004,53189.78,53.18978,
MEX,POP,WOMEN,MLN_PER,A,2005,53940.375,53.940375,
MEX,POP,WOMEN,MLN_PER,A,2006,54726.751,54.726751,
MEX,POP,WOMEN,MLN_PER,A,2007,55547.459,55.547459,
MEX,POP,WOMEN,MLN_PER,A,2008,56393.347,56.393347,
MEX,POP,WOMEN,MLN_PER,A,2009,57243.997,57.243997,
MEX,POP,WOMEN,MLN_PER,A,2010,58077.076,58.077076,
MEX,POP,WOMEN,MLN_PER,A,2011,58894.594,58.894594,
MEX,POP,WOMEN,MLN_PER,A,2012,59688.739,59.688739,
MEX,POP,WOMEN,MLN_PER,A,2013,60461.115,60.461115,
MEX,POP,WOMEN,MLN_PER,A,2014,61214.886,61.214886,
MEX,POP,WOMEN,MLN_PER,A,2015,61931.495,61.931495,
MEX,POP,WOMEN,MLN_PER,A,2016,62624.921,62.624921,
MEX,POP,WOMEN,MLN_PER,A,2017,63300.991,63.300991,
MEX,POP,WOMEN,MLN_PER,A,2018,63958.933,63.958933,
MEX,POP,WOMEN,MLN_PER,A,2019,64600.059,64.600059,
MEX,POP,WOMEN,MLN_PER,A,2020,65224.66,65.22466,
NLD,POP,WOMEN,MLN_PER,A,2000,8047.423,8.047423,
NLD,POP,WOMEN,MLN_PER,A,2001,8105.271,8.105271,
NLD,POP,WOMEN,MLN_PER,A,2002,8155.203,8.155203,
NLD,POP,WOMEN,MLN_PER,A,2003,8194.611,8.194611,
NLD,POP,WOMEN,MLN_PER,A,2004,8225.833,8.225833,
NLD,POP,WOMEN,MLN_PER,A,2005,8248.178,8.248178,
NLD,POP,WOMEN,MLN_PER,A,2006,8263.14,8.26314,
NLD,POP,WOMEN,MLN_PER,A,2007,8281.402,8.281402,
NLD,POP,WOMEN,MLN_PER,A,2008,8311.36,8.31136,
NLD,POP,WOMEN,MLN_PER,A,2009,8350.452,8.350452,
NLD,POP,WOMEN,MLN_PER,A,2010,8391.911,8.391911,
NLD,POP,WOMEN,MLN_PER,A,2011,8429.897,8.429897,
NLD,POP,WOMEN,MLN_PER,A,2012,8459.856,8.459856,
NLD,POP,WOMEN,MLN_PER,A,2013,8483.568,8.483568,
NLD,POP,WOMEN,MLN_PER,A,2014,8511.387,8.511387,
NLD,POP,WOMEN,MLN_PER,A,2015,8544.923,8.544923,
NLD,POP,WOMEN,MLN_PER,A,2016,8584.197,8.584197,
NLD,POP,WOMEN,MLN_PER,A,2017,8630.221,8.630221,
NLD,POP,WOMEN,MLN_PER,A,2018,8677.561,8.677561,
NLD,POP,WOMEN,MLN_PER,A,2019,8730.317,8.730317,
NLD,POP,WOMEN,MLN_PER,A,2020,8774.214,8.774214,
NZL,POP,WOMEN,MLN_PER,A,2000,1964,1.964,
NZL,POP,WOMEN,MLN_PER,A,2001,1977.3,1.9773,
NZL,POP,WOMEN,MLN_PER,A,2002,2012,2.012,
NZL,POP,WOMEN,MLN_PER,A,2003,2051.7,2.0517,
NZL,POP,WOMEN,MLN_PER,A,2004,2083.8,2.0838,
NZL,POP,WOMEN,MLN_PER,A,2005,2108.7,2.1087,
NZL,POP,WOMEN,MLN_PER,A,2006,2136.2,2.1362,
NZL,POP,WOMEN,MLN_PER,A,2007,2157.3,2.1573,
NZL,POP,WOMEN,MLN_PER,A,2008,2176.3,2.1763,
NZL,POP,WOMEN,MLN_PER,A,2009,2197.9,2.1979,
NZL,POP,WOMEN,MLN_PER,A,2010,2222.9,2.2229,
NZL,POP,WOMEN,MLN_PER,A,2011,2240.4,2.2404,
NZL,POP,WOMEN,MLN_PER,A,2012,2253.1,2.2531,
NZL,POP,WOMEN,MLN_PER,A,2013,2269.9,2.2699,
NZL,POP,WOMEN,MLN_PER,A,2014,2300.8,2.3008,
NZL,POP,WOMEN,MLN_PER,A,2015,2339.3,2.3393,
NZL,POP,WOMEN,MLN_PER,A,2016,2385.6,2.3856,
NZL,POP,WOMEN,MLN_PER,A,2017,2430.9,2.4309,
NZL,POP,WOMEN,MLN_PER,A,2018,2470.5,2.4705,
NZL,POP,WOMEN,MLN_PER,A,2019,2508.1,2.5081,
NZL,POP,WOMEN,MLN_PER,A,2020,2564.8,2.5648,
NOR,POP,WOMEN,MLN_PER,A,2000,2266.748,2.266748,
NOR,POP,WOMEN,MLN_PER,A,2001,2277.132,2.277132,
NOR,POP,WOMEN,MLN_PER,A,2002,2289.139,2.289139,
NOR,POP,WOMEN,MLN_PER,A,2003,2302.276,2.302276,
NOR,POP,WOMEN,MLN_PER,A,2004,2315.35,2.31535,
NOR,POP,WOMEN,MLN_PER,A,2005,2330.263,2.330263,
NOR,POP,WOMEN,MLN_PER,A,2006,2346.792,2.346792,
NOR,POP,WOMEN,MLN_PER,A,2007,2366.414,2.366414,
NOR,POP,WOMEN,MLN_PER,A,2008,2390.841,2.390841,
NOR,POP,WOMEN,MLN_PER,A,2009,2417.815,2.417815,
NOR,POP,WOMEN,MLN_PER,A,2010,2445.451,2.445451,
NOR,POP,WOMEN,MLN_PER,A,2011,2473.229,2.473229,
NOR,POP,WOMEN,MLN_PER,A,2012,2501.186,2.501186,
NOR,POP,WOMEN,MLN_PER,A,2013,2528.494,2.528494,
NOR,POP,WOMEN,MLN_PER,A,2014,2554.301,2.554301,
NOR,POP,WOMEN,MLN_PER,A,2015,2577.925,2.577925,
NOR,POP,WOMEN,MLN_PER,A,2016,2599.03,2.59903,
NOR,POP,WOMEN,MLN_PER,A,2017,2618.22,2.61822,
NOR,POP,WOMEN,MLN_PER,A,2018,2635.193,2.635193,
NOR,POP,WOMEN,MLN_PER,A,2019,2652.077,2.652077,
NOR,POP,WOMEN,MLN_PER,A,2020,2666.563,2.666563,
POL,POP,WOMEN,MLN_PER,A,2000,19715.808,19.715808,
POL,POP,WOMEN,MLN_PER,A,2001,19716.825,19.716825,
POL,POP,WOMEN,MLN_PER,A,2002,19715.122,19.715122,
POL,POP,WOMEN,MLN_PER,A,2003,19702.227,19.702227,
POL,POP,WOMEN,MLN_PER,A,2004,19701.881,19.701881,
POL,POP,WOMEN,MLN_PER,A,2005,19700.583,19.700583,
POL,POP,WOMEN,MLN_PER,A,2006,19696.176,19.696176,
POL,POP,WOMEN,MLN_PER,A,2007,19698.893,19.698893,
POL,POP,WOMEN,MLN_PER,A,2008,19707.504,19.707504,
POL,POP,WOMEN,MLN_PER,A,2009,19730.046,19.730046,
POL,POP,WOMEN,MLN_PER,A,2010,19869.085,19.869085,
POL,POP,WOMEN,MLN_PER,A,2011,19875.565,19.875565,
POL,POP,WOMEN,MLN_PER,A,2012,19882.348,19.882348,
POL,POP,WOMEN,MLN_PER,A,2013,19868.029,19.868029,
POL,POP,WOMEN,MLN_PER,A,2014,19860.916,19.860916,
POL,POP,WOMEN,MLN_PER,A,2015,19847.159,19.847159,
POL,POP,WOMEN,MLN_PER,A,2016,19835.181,19.835181,
POL,POP,WOMEN,MLN_PER,A,2017,19833.606,19.833606,
POL,POP,WOMEN,MLN_PER,A,2018,19829.503,19.829503,
POL,POP,WOMEN,MLN_PER,A,2019,19816.926,19.816926,
POL,POP,WOMEN,MLN_PER,A,2020,19802.471,19.802471,
PRT,POP,WOMEN,MLN_PER,A,2000,5324.594,5.324594,
PRT,POP,WOMEN,MLN_PER,A,2001,5359.8055,5.3598055,
PRT,POP,WOMEN,MLN_PER,A,2002,5391.2735,5.3912735,
PRT,POP,WOMEN,MLN_PER,A,2003,5416.4865,5.4164865,
PRT,POP,WOMEN,MLN_PER,A,2004,5433.3355,5.4333355,
PRT,POP,WOMEN,MLN_PER,A,2005,5447.0625,5.4470625,
PRT,POP,WOMEN,MLN_PER,A,2006,5460.684,5.460684,
PRT,POP,WOMEN,MLN_PER,A,2007,5475.8925,5.4758925,
PRT,POP,WOMEN,MLN_PER,A,2008,5490.1835,5.4901835,
PRT,POP,WOMEN,MLN_PER,A,2009,5503.2545,5.5032545,
PRT,POP,WOMEN,MLN_PER,A,2010,5514.456,5.514456,
PRT,POP,WOMEN,MLN_PER,A,2011,5515.5695,5.5155695,
PRT,POP,WOMEN,MLN_PER,A,2012,5501.7765,5.5017765,
PRT,POP,WOMEN,MLN_PER,A,2013,5480.4365,5.4804365,
PRT,POP,WOMEN,MLN_PER,A,2014,5460.2185,5.4602185,
PRT,POP,WOMEN,MLN_PER,A,2015,5445.4885,5.4454885,
PRT,POP,WOMEN,MLN_PER,A,2016,5433.469,5.433469,
PRT,POP,WOMEN,MLN_PER,A,2017,5425.226,5.425226,
PRT,POP,WOMEN,MLN_PER,A,2018,5423.793,5.423793,
PRT,POP,WOMEN,MLN_PER,A,2019,5430.0915,5.4300915,
PRT,POP,WOMEN,MLN_PER,A,2020,5437.7175,5.4377175,
SVK,POP,WOMEN,MLN_PER,A,2000,2774.988,2.774988,
SVK,POP,WOMEN,MLN_PER,A,2001,2767.096,2.767096,
SVK,POP,WOMEN,MLN_PER,A,2002,2767.357,2.767357,
SVK,POP,WOMEN,MLN_PER,A,2003,2768.078,2.768078,
SVK,POP,WOMEN,MLN_PER,A,2004,2770.261,2.770261,
SVK,POP,WOMEN,MLN_PER,A,2005,2772.373,2.772373,
SVK,POP,WOMEN,MLN_PER,A,2006,2774.26,2.77426,
SVK,POP,WOMEN,MLN_PER,A,2007,2776.671,2.776671,
SVK,POP,WOMEN,MLN_PER,A,2008,2780.077,2.780077,
SVK,POP,WOMEN,MLN_PER,A,2009,2784.946,2.784946,
SVK,POP,WOMEN,MLN_PER,A,2010,2791.128,2.791128,
SVK,POP,WOMEN,MLN_PER,A,2011,2769.9215,2.7699215,
SVK,POP,WOMEN,MLN_PER,A,2012,2773.7135,2.7737135,
SVK,POP,WOMEN,MLN_PER,A,2013,2775.873,2.775873,
SVK,POP,WOMEN,MLN_PER,A,2014,2777.955,2.777955,
SVK,POP,WOMEN,MLN_PER,A,2015,2779.5955,2.7795955,
SVK,POP,WOMEN,MLN_PER,A,2016,2781.9145,2.7819145,
SVK,POP,WOMEN,MLN_PER,A,2017,2785.1325,2.7851325,
SVK,POP,WOMEN,MLN_PER,A,2018,2787.975,2.787975,
SVK,POP,WOMEN,MLN_PER,A,2019,2790.9335,2.7909335,
SVK,POP,WOMEN,MLN_PER,A,2020,2792.909,2.792909,
ESP,POP,WOMEN,MLN_PER,A,2000,20685.751,20.685751,
ESP,POP,WOMEN,MLN_PER,A,2001,20793.005,20.793005,
ESP,POP,WOMEN,MLN_PER,A,2002,21096.666,21.096666,
ESP,POP,WOMEN,MLN_PER,A,2003,21458.232,21.458232,
ESP,POP,WOMEN,MLN_PER,A,2004,21766.121,21.766121,
ESP,POP,WOMEN,MLN_PER,A,2005,22120.648,22.120648,
ESP,POP,WOMEN,MLN_PER,A,2006,22459.813,22.459813,
ESP,POP,WOMEN,MLN_PER,A,2007,22873.931,22.873931,
ESP,POP,WOMEN,MLN_PER,A,2008,23226.305,23.226305,
ESP,POP,WOMEN,MLN_PER,A,2009,23433.048,23.433048,
ESP,POP,WOMEN,MLN_PER,A,2010,23553.902,23.553902,
ESP,POP,WOMEN,MLN_PER,A,2011,23662.983,23.662983,
ESP,POP,WOMEN,MLN_PER,A,2012,23710.682,23.710682,
ESP,POP,WOMEN,MLN_PER,A,2013,23659.486,23.659486,
ESP,POP,WOMEN,MLN_PER,A,2014,23615.032,23.615032,
ESP,POP,WOMEN,MLN_PER,A,2015,23609.285,23.609285,
ESP,POP,WOMEN,MLN_PER,A,2016,23644.644,23.644644,
ESP,POP,WOMEN,MLN_PER,A,2017,23703.121,23.703121,
ESP,POP,WOMEN,MLN_PER,A,2018,23817.165,23.817165,
ESP,POP,WOMEN,MLN_PER,A,2019,24013.46,24.01346,
ESP,POP,WOMEN,MLN_PER,A,2020,24144.815,24.144815,
SWE,POP,WOMEN,MLN_PER,A,2000,4485.674,4.485674,
SWE,POP,WOMEN,MLN_PER,A,2001,4495.365,4.495365,
SWE,POP,WOMEN,MLN_PER,A,2002,4507.183,4.507183,
SWE,POP,WOMEN,MLN_PER,A,2003,4521.349,4.521349,
SWE,POP,WOMEN,MLN_PER,A,2004,4537.051,4.537051,
SWE,POP,WOMEN,MLN_PER,A,2005,4553.139,4.553139,
SWE,POP,WOMEN,MLN_PER,A,2006,4575.468,4.575468,
SWE,POP,WOMEN,MLN_PER,A,2007,4604.371,4.604371,
SWE,POP,WOMEN,MLN_PER,A,2008,4635.821,4.635821,
SWE,POP,WOMEN,MLN_PER,A,2009,4672.151,4.672151,
SWE,POP,WOMEN,MLN_PER,A,2010,4708.499,4.708499,
SWE,POP,WOMEN,MLN_PER,A,2011,4740.675,4.740675,
SWE,POP,WOMEN,MLN_PER,A,2012,4773.01,4.77301,
SWE,POP,WOMEN,MLN_PER,A,2013,4810.245,4.810245,
SWE,POP,WOMEN,MLN_PER,A,2014,4852.811,4.852811,
SWE,POP,WOMEN,MLN_PER,A,2015,4897.582,4.897582,
SWE,POP,WOMEN,MLN_PER,A,2016,4950.926,4.950926,
SWE,POP,WOMEN,MLN_PER,A,2017,5009.694,5.009694,
SWE,POP,WOMEN,MLN_PER,A,2018,5062.664,5.062664,
SWE,POP,WOMEN,MLN_PER,A,2019,5109.764,5.109764,
SWE,POP,WOMEN,MLN_PER,A,2020,5144.111,5.144111,
CHE,POP,WOMEN,MLN_PER,A,2000,3674.047,3.674047,
CHE,POP,WOMEN,MLN_PER,A,2001,3697.305,3.697305,
CHE,POP,WOMEN,MLN_PER,A,2002,3725.064,3.725064,
CHE,POP,WOMEN,MLN_PER,A,2003,3750.717,3.750717,
CHE,POP,WOMEN,MLN_PER,A,2004,3774.508,3.774508,
CHE,POP,WOMEN,MLN_PER,A,2005,3796.516,3.796516,
CHE,POP,WOMEN,MLN_PER,A,2006,3818.004,3.818004,
CHE,POP,WOMEN,MLN_PER,A,2007,3847.93,3.84793,
CHE,POP,WOMEN,MLN_PER,A,2008,3890.831,3.890831,
CHE,POP,WOMEN,MLN_PER,A,2009,3935.211,3.935211,
CHE,POP,WOMEN,MLN_PER,A,2010,3973.882,3.973882,
CHE,POP,WOMEN,MLN_PER,A,2011,4012.559,4.012559,
CHE,POP,WOMEN,MLN_PER,A,2012,4051.472,4.051472,
CHE,POP,WOMEN,MLN_PER,A,2013,4094.041,4.094041,
CHE,POP,WOMEN,MLN_PER,A,2014,4140.66,4.14066,
CHE,POP,WOMEN,MLN_PER,A,2015,4184.72,4.18472,
CHE,POP,WOMEN,MLN_PER,A,2016,4225.883,4.225883,
CHE,POP,WOMEN,MLN_PER,A,2017,4261.902,4.261902,
CHE,POP,WOMEN,MLN_PER,A,2018,4292.551,4.292551,
CHE,POP,WOMEN,MLN_PER,A,2019,4322.29,4.32229,
CHE,POP,WOMEN,MLN_PER,A,2020,4351.678,4.351678,
TUR,POP,WOMEN,MLN_PER,A,2000,32105.327,32.105327,
TUR,POP,WOMEN,MLN_PER,A,2001,32545.1315,32.5451315,
TUR,POP,WOMEN,MLN_PER,A,2002,32956.4615,32.9564615,
TUR,POP,WOMEN,MLN_PER,A,2003,33347.3435,33.3473435,
TUR,POP,WOMEN,MLN_PER,A,2004,33745.0275,33.7450275,
TUR,POP,WOMEN,MLN_PER,A,2005,34159.1565,34.1591565,
TUR,POP,WOMEN,MLN_PER,A,2006,34584.9455,34.5849455,
TUR,POP,WOMEN,MLN_PER,A,2007,35012.14055,35.01214055,
TUR,POP,WOMEN,MLN_PER,A,2008,35412.839,35.412839,
TUR,POP,WOMEN,MLN_PER,A,2009,35857.398,35.857398,
TUR,POP,WOMEN,MLN_PER,A,2010,36389.331,36.389331,
TUR,POP,WOMEN,MLN_PER,A,2011,36935.568,36.935568,
TUR,POP,WOMEN,MLN_PER,A,2012,37431.271,37.431271,
TUR,POP,WOMEN,MLN_PER,A,2013,37932.864,37.932864,
TUR,POP,WOMEN,MLN_PER,A,2014,38453.058,38.453058,
TUR,POP,WOMEN,MLN_PER,A,2015,38970.738,38.970738,
TUR,POP,WOMEN,MLN_PER,A,2016,39500.548,39.500548,
TUR,POP,WOMEN,MLN_PER,A,2017,40023.311,40.023311,
TUR,POP,WOMEN,MLN_PER,A,2018,40569.649,40.569649,
TUR,POP,WOMEN,MLN_PER,A,2019,41148.886,41.148886,
TUR,POP,WOMEN,MLN_PER,A,2020,41566.123,41.566123,
GBR,POP,WOMEN,MLN_PER,A,2000,30195.615,30.195615,
GBR,POP,WOMEN,MLN_PER,A,2001,30280.752,30.280752,
GBR,POP,WOMEN,MLN_PER,A,2002,30392.93,30.39293,
GBR,POP,WOMEN,MLN_PER,A,2003,30511.344,30.511344,
GBR,POP,WOMEN,MLN_PER,A,2004,30653.395,30.653395,
GBR,POP,WOMEN,MLN_PER,A,2005,30872.295,30.872295,
GBR,POP,WOMEN,MLN_PER,A,2006,31065.488,31.065488,
GBR,POP,WOMEN,MLN_PER,A,2007,31291.193,31.291193,
GBR,POP,WOMEN,MLN_PER,A,2008,31523.149,31.523149,
GBR,POP,WOMEN,MLN_PER,A,2009,31728.274,31.728274,
GBR,POP,WOMEN,MLN_PER,A,2010,31953.963,31.953963,
GBR,POP,WOMEN,MLN_PER,A,2011,32187.886,32.187886,
GBR,POP,WOMEN,MLN_PER,A,2012,32389.808,32.389808,
GBR,POP,WOMEN,MLN_PER,A,2013,32572.633,32.572633,
GBR,POP,WOMEN,MLN_PER,A,2014,32803,32.803,
GBR,POP,WOMEN,MLN_PER,A,2015,33035.589,33.035589,
GBR,POP,WOMEN,MLN_PER,A,2016,33270.38,33.27038,
GBR,POP,WOMEN,MLN_PER,A,2017,33458.428,33.458428,
GBR,POP,WOMEN,MLN_PER,A,2018,33645.348,33.645348,
GBR,POP,WOMEN,MLN_PER,A,2019,33818.578,33.818578,
GBR,POP,WOMEN,MLN_PER,A,2020,33935.525,33.935525,
USA,POP,WOMEN,MLN_PER,A,2000,143713.409,143.713409,
USA,POP,WOMEN,MLN_PER,A,2001,145083.005,145.083005,
USA,POP,WOMEN,MLN_PER,A,2002,146390.096,146.390096,
USA,POP,WOMEN,MLN_PER,A,2003,147649.491,147.649491,
USA,POP,WOMEN,MLN_PER,A,2004,148908.065,148.908065,
USA,POP,WOMEN,MLN_PER,A,2005,150192.384,150.192384,
USA,POP,WOMEN,MLN_PER,A,2006,151532.51,151.53251,
USA,POP,WOMEN,MLN_PER,A,2007,152967.793,152.967793,
USA,POP,WOMEN,MLN_PER,A,2008,154300.62,154.30062,
USA,POP,WOMEN,MLN_PER,A,2009,155557.06,155.55706,
USA,POP,WOMEN,MLN_PER,A,2010,157249.665,157.249665,
USA,POP,WOMEN,MLN_PER,A,2011,158370.501,158.370501,
USA,POP,WOMEN,MLN_PER,A,2012,159480.635,159.480635,
USA,POP,WOMEN,MLN_PER,A,2013,160545.893,160.545893,
USA,POP,WOMEN,MLN_PER,A,2014,161690.519,161.690519,
USA,POP,WOMEN,MLN_PER,A,2015,162832.151,162.832151,
USA,POP,WOMEN,MLN_PER,A,2016,163986.062,163.986062,
USA,POP,WOMEN,MLN_PER,A,2017,165008.683,165.008683,
USA,POP,WOMEN,MLN_PER,A,2018,165877.686,165.877686,
USA,POP,WOMEN,MLN_PER,A,2019,166637.617,166.637617,
USA,POP,WOMEN,MLN_PER,A,2020,167227.921,167.227921,
BRA,POP,WOMEN,MLN_PER,A,2000,88252.413,88.252413,
BRA,POP,WOMEN,MLN_PER,A,2001,89535.815,89.535815,
BRA,POP,WOMEN,MLN_PER,A,2002,90741.045,90.741045,
BRA,POP,WOMEN,MLN_PER,A,2003,91901.394,91.901394,
BRA,POP,WOMEN,MLN_PER,A,2004,93033.07,93.03307,
BRA,POP,WOMEN,MLN_PER,A,2005,94147.106,94.147106,
BRA,POP,WOMEN,MLN_PER,A,2006,95231.593,95.231593,
BRA,POP,WOMEN,MLN_PER,A,2007,96268.188,96.268188,
BRA,POP,WOMEN,MLN_PER,A,2008,97310.184,97.310184,
BRA,POP,WOMEN,MLN_PER,A,2009,98359.393,98.359393,
BRA,POP,WOMEN,MLN_PER,A,2010,99377.384,99.377384,
BRA,POP,WOMEN,MLN_PER,A,2011,100281.097,100.281097,
BRA,POP,WOMEN,MLN_PER,A,2012,101182.88,101.18288,
BRA,POP,WOMEN,MLN_PER,A,2013,102072.857,102.072857,
BRA,POP,WOMEN,MLN_PER,A,2014,102973.443,102.973443,
BRA,POP,WOMEN,MLN_PER,A,2015,103894.681,103.894681,
BRA,POP,WOMEN,MLN_PER,A,2016,104776.947,104.776947,
BRA,POP,WOMEN,MLN_PER,A,2017,105641.142,105.641142,
BRA,POP,WOMEN,MLN_PER,A,2018,106523.727,106.523727,
BRA,POP,WOMEN,MLN_PER,A,2019,107386.83,107.38683,
BRA,POP,WOMEN,MLN_PER,A,2020,108228.003,108.228003,
CHL,POP,WOMEN,MLN_PER,A,2000,7794.828,7.794828,
CHL,POP,WOMEN,MLN_PER,A,2001,7884.154,7.884154,
CHL,POP,WOMEN,MLN_PER,A,2002,7971,7.971,
CHL,POP,WOMEN,MLN_PER,A,2003,8054.716,8.054716,
CHL,POP,WOMEN,MLN_PER,A,2004,8138.515,8.138515,
CHL,POP,WOMEN,MLN_PER,A,2005,8220.438,8.220438,
CHL,POP,WOMEN,MLN_PER,A,2006,8303.926,8.303926,
CHL,POP,WOMEN,MLN_PER,A,2007,8390.194,8.390194,
CHL,POP,WOMEN,MLN_PER,A,2008,8481.317,8.481317,
CHL,POP,WOMEN,MLN_PER,A,2009,8574.065,8.574065,
CHL,POP,WOMEN,MLN_PER,A,2010,8666.525,8.666525,
CHL,POP,WOMEN,MLN_PER,A,2011,8762.836,8.762836,
CHL,POP,WOMEN,MLN_PER,A,2012,8858.785,8.858785,
CHL,POP,WOMEN,MLN_PER,A,2013,8944.258,8.944258,
CHL,POP,WOMEN,MLN_PER,A,2014,9033.189,9.033189,
CHL,POP,WOMEN,MLN_PER,A,2015,9125.974,9.125974,
CHL,POP,WOMEN,MLN_PER,A,2016,9223.665,9.223665,
CHL,POP,WOMEN,MLN_PER,A,2017,9344.975,9.344975,
CHL,POP,WOMEN,MLN_PER,A,2018,9506.921,9.506921,
CHL,POP,WOMEN,MLN_PER,A,2019,9683.077,9.683077,
CHL,POP,WOMEN,MLN_PER,A,2020,9859.209,9.859209,
COL,POP,WOMEN,MLN_PER,A,2000,20411.789,20.411789,
COL,POP,WOMEN,MLN_PER,A,2001,20673.662,20.673662,
COL,POP,WOMEN,MLN_PER,A,2002,20933.485,20.933485,
COL,POP,WOMEN,MLN_PER,A,2003,21195.399,21.195399,
COL,POP,WOMEN,MLN_PER,A,2004,21454.923,21.454923,
COL,POP,WOMEN,MLN_PER,A,2005,21718.757,21.718757,
COL,POP,WOMEN,MLN_PER,A,2006,21979.002,21.979002,
COL,POP,WOMEN,MLN_PER,A,2007,22243.858,22.243858,
COL,POP,WOMEN,MLN_PER,A,2008,22508.792,22.508792,
COL,POP,WOMEN,MLN_PER,A,2009,22775.124,22.775124,
COL,POP,WOMEN,MLN_PER,A,2010,23042.924,23.042924,
COL,POP,WOMEN,MLN_PER,A,2011,23313.302,23.313302,
COL,POP,WOMEN,MLN_PER,A,2012,23584.736,23.584736,
COL,POP,WOMEN,MLN_PER,A,2013,23857.05,23.85705,
COL,POP,WOMEN,MLN_PER,A,2014,24130.117,24.130117,
COL,POP,WOMEN,MLN_PER,A,2015,24403.726,24.403726,
COL,POP,WOMEN,MLN_PER,A,2016,24678.673,24.678673,
COL,POP,WOMEN,MLN_PER,A,2017,24953.862,24.953862,
COL,POP,WOMEN,MLN_PER,A,2018,25228.444,25.228444,
COL,POP,WOMEN,MLN_PER,A,2019,25501.149,25.501149,
COL,POP,WOMEN,MLN_PER,A,2020,25772.783,25.772783,
EST,POP,WOMEN,MLN_PER,A,2000,745.91,0.74591,
EST,POP,WOMEN,MLN_PER,A,2001,741.43,0.74143,
EST,POP,WOMEN,MLN_PER,A,2002,737.205,0.737205,
EST,POP,WOMEN,MLN_PER,A,2003,733,0.733,
EST,POP,WOMEN,MLN_PER,A,2004,728.97,0.72897,
EST,POP,WOMEN,MLN_PER,A,2005,724.955,0.724955,
EST,POP,WOMEN,MLN_PER,A,2006,720.715,0.720715,
EST,POP,WOMEN,MLN_PER,A,2007,717.525,0.717525,
EST,POP,WOMEN,MLN_PER,A,2008,715.405,0.715405,
EST,POP,WOMEN,MLN_PER,A,2009,713.455,0.713455,
EST,POP,WOMEN,MLN_PER,A,2010,711.225,0.711225,
EST,POP,WOMEN,MLN_PER,A,2011,708.52,0.70852,
EST,POP,WOMEN,MLN_PER,A,2012,705.543,0.705543,
EST,POP,WOMEN,MLN_PER,A,2013,702.454,0.702454,
EST,POP,WOMEN,MLN_PER,A,2014,699.891,0.699891,
EST,POP,WOMEN,MLN_PER,A,2015,699.059,0.699059,
EST,POP,WOMEN,MLN_PER,A,2016,698.667,0.698667,
EST,POP,WOMEN,MLN_PER,A,2017,698.073,0.698073,
EST,POP,WOMEN,MLN_PER,A,2018,698.617,0.698617,
EST,POP,WOMEN,MLN_PER,A,2019,699.414,0.699414,
EST,POP,WOMEN,MLN_PER,A,2020,699.398,0.699398,
ISR,POP,WOMEN,MLN_PER,A,2000,3186.8,3.1868,
ISR,POP,WOMEN,MLN_PER,A,2001,3262.5,3.2625,
ISR,POP,WOMEN,MLN_PER,A,2002,3328.2,3.3282,
ISR,POP,WOMEN,MLN_PER,A,2003,3387.9,3.3879,
ISR,POP,WOMEN,MLN_PER,A,2004,3447,3.447,
ISR,POP,WOMEN,MLN_PER,A,2005,3506.996,3.506996,
ISR,POP,WOMEN,MLN_PER,A,2006,3568.206,3.568206,
ISR,POP,WOMEN,MLN_PER,A,2007,3630.899,3.630899,
ISR,POP,WOMEN,MLN_PER,A,2008,3694.6705,3.6946705,
ISR,POP,WOMEN,MLN_PER,A,2009,3784.181,3.784181,
ISR,POP,WOMEN,MLN_PER,A,2010,3852.24,3.85224,
ISR,POP,WOMEN,MLN_PER,A,2011,3924.711,3.924711,
ISR,POP,WOMEN,MLN_PER,A,2012,3994.4,3.9944,
ISR,POP,WOMEN,MLN_PER,A,2013,4068.109,4.068109,
ISR,POP,WOMEN,MLN_PER,A,2014,4145.398,4.145398,
ISR,POP,WOMEN,MLN_PER,A,2015,4226.916,4.226916,
ISR,POP,WOMEN,MLN_PER,A,2016,4308.78,4.30878,
ISR,POP,WOMEN,MLN_PER,A,2017,4391.458,4.391458,
ISR,POP,WOMEN,MLN_PER,A,2018,4475.48,4.47548,
ISR,POP,WOMEN,MLN_PER,A,2019,4560,4.56,
ISR,POP,WOMEN,MLN_PER,A,2020,4639.5,4.6395,
RUS,POP,WOMEN,MLN_PER,A,2000,78078.251,78.078251,
RUS,POP,WOMEN,MLN_PER,A,2001,77846.005,77.846005,
RUS,POP,WOMEN,MLN_PER,A,2002,77600.171,77.600171,
RUS,POP,WOMEN,MLN_PER,A,2003,77308.656,77.308656,
RUS,POP,WOMEN,MLN_PER,A,2004,77007.89,77.00789,
RUS,POP,WOMEN,MLN_PER,A,2005,76730.731,76.730731,
RUS,POP,WOMEN,MLN_PER,A,2006,76480.991,76.480991,
RUS,POP,WOMEN,MLN_PER,A,2007,76331.876,76.331876,
RUS,POP,WOMEN,MLN_PER,A,2008,76277.057,76.277057,
RUS,POP,WOMEN,MLN_PER,A,2009,76268.737,76.268737,
RUS,POP,WOMEN,MLN_PER,A,2010,76545.15,76.54515,
RUS,POP,WOMEN,MLN_PER,A,2011,76847.64,76.84764,
RUS,POP,WOMEN,MLN_PER,A,2012,76936.818,76.936818,
RUS,POP,WOMEN,MLN_PER,A,2013,77056.787,77.056787,
RUS,POP,WOMEN,MLN_PER,A,2014,77188.243,77.188243,
RUS,POP,WOMEN,MLN_PER,A,2015,78571.867,78.571867,
RUS,POP,WOMEN,MLN_PER,A,2016,78704.118,78.704118,
RUS,POP,WOMEN,MLN_PER,A,2017,78760.296,78.760296,
RUS,POP,WOMEN,MLN_PER,A,2018,78722.405,78.722405,
RUS,POP,WOMEN,MLN_PER,A,2019,78654.911,78.654911,
RUS,POP,WOMEN,MLN_PER,A,2020,78474.368,78.474368,
SVN,POP,WOMEN,MLN_PER,A,2000,1017.691,1.017691,
SVN,POP,WOMEN,MLN_PER,A,2001,1018.324,1.018324,
SVN,POP,WOMEN,MLN_PER,A,2002,1019.607,1.019607,
SVN,POP,WOMEN,MLN_PER,A,2003,1019.337,1.019337,
SVN,POP,WOMEN,MLN_PER,A,2004,1019.912,1.019912,
SVN,POP,WOMEN,MLN_PER,A,2005,1021.044,1.021044,
SVN,POP,WOMEN,MLN_PER,A,2006,1022.64,1.02264,
SVN,POP,WOMEN,MLN_PER,A,2007,1024.281,1.024281,
SVN,POP,WOMEN,MLN_PER,A,2008,1025.66,1.02566,
SVN,POP,WOMEN,MLN_PER,A,2009,1030.568,1.030568,
SVN,POP,WOMEN,MLN_PER,A,2010,1034.545,1.034545,
SVN,POP,WOMEN,MLN_PER,A,2011,1037.066,1.037066,
SVN,POP,WOMEN,MLN_PER,A,2012,1038.848,1.038848,
SVN,POP,WOMEN,MLN_PER,A,2013,1039.456,1.039456,
SVN,POP,WOMEN,MLN_PER,A,2014,1040.204,1.040204,
SVN,POP,WOMEN,MLN_PER,A,2015,1040.523,1.040523,
SVN,POP,WOMEN,MLN_PER,A,2016,1040.369,1.040369,
SVN,POP,WOMEN,MLN_PER,A,2017,1040.188,1.040188,
SVN,POP,WOMEN,MLN_PER,A,2018,1039.816,1.039816,
SVN,POP,WOMEN,MLN_PER,A,2019,1043.475,1.043475,
SVN,POP,WOMEN,MLN_PER,A,2020,1045.643,1.045643,
LVA,POP,WOMEN,MLN_PER,A,2000,1277.623,1.277623,
LVA,POP,WOMEN,MLN_PER,A,2001,1262.565,1.262565,
LVA,POP,WOMEN,MLN_PER,A,2002,1249.638,1.249638,
LVA,POP,WOMEN,MLN_PER,A,2003,1238.31,1.23831,
LVA,POP,WOMEN,MLN_PER,A,2004,1224.835,1.224835,
LVA,POP,WOMEN,MLN_PER,A,2005,1211.715,1.211715,
LVA,POP,WOMEN,MLN_PER,A,2006,1200.429,1.200429,
LVA,POP,WOMEN,MLN_PER,A,2007,1189.908,1.189908,
LVA,POP,WOMEN,MLN_PER,A,2008,1177.476,1.177476,
LVA,POP,WOMEN,MLN_PER,A,2009,1159.879,1.159879,
LVA,POP,WOMEN,MLN_PER,A,2010,1138.119,1.138119,
LVA,POP,WOMEN,MLN_PER,A,2011,1118.336,1.118336,
LVA,POP,WOMEN,MLN_PER,A,2012,1103.627,1.103627,
LVA,POP,WOMEN,MLN_PER,A,2013,1090.837,1.090837,
LVA,POP,WOMEN,MLN_PER,A,2014,1079.654,1.079654,
LVA,POP,WOMEN,MLN_PER,A,2015,1069.775,1.069775,
LVA,POP,WOMEN,MLN_PER,A,2016,1059.544,1.059544,
LVA,POP,WOMEN,MLN_PER,A,2017,1049.585,1.049585,
LVA,POP,WOMEN,MLN_PER,A,2018,1039.898,1.039898,
LVA,POP,WOMEN,MLN_PER,A,2019,1030.892,1.030892,
LVA,POP,WOMEN,MLN_PER,A,2020,1022.36,1.02236,
ARG,POP,WOMEN,MLN_PER,A,2000,18761.959,18.761959,
ARG,POP,WOMEN,MLN_PER,A,2001,18956.492,18.956492,
ARG,POP,WOMEN,MLN_PER,A,2002,19155.648,19.155648,
ARG,POP,WOMEN,MLN_PER,A,2003,19359.551,19.359551,
ARG,POP,WOMEN,MLN_PER,A,2004,19568.343,19.568343,
ARG,POP,WOMEN,MLN_PER,A,2005,19782.161,19.782161,
ARG,POP,WOMEN,MLN_PER,A,2006,19985.925,19.985925,
ARG,POP,WOMEN,MLN_PER,A,2007,20194.243,20.194243,
ARG,POP,WOMEN,MLN_PER,A,2008,20407.235,20.407235,
ARG,POP,WOMEN,MLN_PER,A,2009,20625.028,20.625028,
ARG,POP,WOMEN,MLN_PER,A,2010,20847.749,20.847749,
ARG,POP,WOMEN,MLN_PER,A,2011,21080.699,21.080699,
ARG,POP,WOMEN,MLN_PER,A,2012,21312.88,21.31288,
ARG,POP,WOMEN,MLN_PER,A,2013,21543.898,21.543898,
ARG,POP,WOMEN,MLN_PER,A,2014,21773.297,21.773297,
ARG,POP,WOMEN,MLN_PER,A,2015,22000.62,22.00062,
ARG,POP,WOMEN,MLN_PER,A,2016,22225.898,22.225898,
ARG,POP,WOMEN,MLN_PER,A,2017,22449.188,22.449188,
ARG,POP,WOMEN,MLN_PER,A,2018,22670.13,22.67013,
ARG,POP,WOMEN,MLN_PER,A,2019,22888.38,22.88838,
ARG,POP,WOMEN,MLN_PER,A,2020,23103.631,23.103631,
BGR,POP,WOMEN,MLN_PER,A,2000,4190.88,4.19088,
BGR,POP,WOMEN,MLN_PER,A,2001,4108.8605,4.1088605,
BGR,POP,WOMEN,MLN_PER,A,2002,4019.484,4.019484,
BGR,POP,WOMEN,MLN_PER,A,2003,3988.1555,3.9881555,
BGR,POP,WOMEN,MLN_PER,A,2004,3958.736,3.958736,
BGR,POP,WOMEN,MLN_PER,A,2005,3929.605,3.929605,
BGR,POP,WOMEN,MLN_PER,A,2006,3900.4255,3.9004255,
BGR,POP,WOMEN,MLN_PER,A,2007,3871.8645,3.8718645,
BGR,POP,WOMEN,MLN_PER,A,2008,3844.4495,3.8444495,
BGR,POP,WOMEN,MLN_PER,A,2009,3819.536,3.819536,
BGR,POP,WOMEN,MLN_PER,A,2010,3794.1565,3.7941565,
BGR,POP,WOMEN,MLN_PER,A,2011,3770.481,3.770481,
BGR,POP,WOMEN,MLN_PER,A,2012,3749.968,3.749968,
BGR,POP,WOMEN,MLN_PER,A,2013,3730.1055,3.7301055,
BGR,POP,WOMEN,MLN_PER,A,2014,3710.4575,3.7104575,
BGR,POP,WOMEN,MLN_PER,A,2015,3688.395,3.688395,
BGR,POP,WOMEN,MLN_PER,A,2016,3664.244,3.664244,
BGR,POP,WOMEN,MLN_PER,A,2017,3639.753,3.639753,
BGR,POP,WOMEN,MLN_PER,A,2018,3615.9815,3.6159815,
BGR,POP,WOMEN,MLN_PER,A,2019,3593.087,3.593087,
BGR,POP,WOMEN,MLN_PER,A,2020,3574.3345,3.5743345,
CHN,POP,WOMEN,MLN_PER,A,2000,628363.01,628.36301,
CHN,POP,WOMEN,MLN_PER,A,2001,632446.405,632.446405,
CHN,POP,WOMEN,MLN_PER,A,2002,636323.513,636.323513,
CHN,POP,WOMEN,MLN_PER,A,2003,640047.843,640.047843,
CHN,POP,WOMEN,MLN_PER,A,2004,643685.783,643.685783,
CHN,POP,WOMEN,MLN_PER,A,2005,647290.48,647.29048,
CHN,POP,WOMEN,MLN_PER,A,2006,650879.793,650.879793,
CHN,POP,WOMEN,MLN_PER,A,2007,654460.412,654.460412,
CHN,POP,WOMEN,MLN_PER,A,2008,658058.462,658.058462,
CHN,POP,WOMEN,MLN_PER,A,2009,661699.098,661.699098,
CHN,POP,WOMEN,MLN_PER,A,2010,665396.585,665.396585,
CHN,POP,WOMEN,MLN_PER,A,2011,669157.645,669.157645,
CHN,POP,WOMEN,MLN_PER,A,2012,672969.777,672.969777,
CHN,POP,WOMEN,MLN_PER,A,2013,676800.72,676.80072,
CHN,POP,WOMEN,MLN_PER,A,2014,680604.601,680.604601,
CHN,POP,WOMEN,MLN_PER,A,2015,684339.862,684.339862,
CHN,POP,WOMEN,MLN_PER,A,2016,687996.94,687.99694,
CHN,POP,WOMEN,MLN_PER,A,2017,691559.414,691.559414,
CHN,POP,WOMEN,MLN_PER,A,2018,694970.006,694.970006,
CHN,POP,WOMEN,MLN_PER,A,2019,698159.433,698.159433,
CHN,POP,WOMEN,MLN_PER,A,2020,701076.434,701.076434,
CRI,POP,WOMEN,MLN_PER,A,2000,1910.998,1.910998,
CRI,POP,WOMEN,MLN_PER,A,2001,1951.332,1.951332,
CRI,POP,WOMEN,MLN_PER,A,2002,1985.567,1.985567,
CRI,POP,WOMEN,MLN_PER,A,2003,2017.166,2.017166,
CRI,POP,WOMEN,MLN_PER,A,2004,2049.903,2.049903,
CRI,POP,WOMEN,MLN_PER,A,2005,2081.803,2.081803,
CRI,POP,WOMEN,MLN_PER,A,2006,2113.29,2.11329,
CRI,POP,WOMEN,MLN_PER,A,2007,2144.61,2.14461,
CRI,POP,WOMEN,MLN_PER,A,2008,2176.527,2.176527,
CRI,POP,WOMEN,MLN_PER,A,2009,2209.163,2.209163,
CRI,POP,WOMEN,MLN_PER,A,2010,2241.572,2.241572,
CRI,POP,WOMEN,MLN_PER,A,2011,2270.789,2.270789,
CRI,POP,WOMEN,MLN_PER,A,2012,2301.426911,2.301426911,
CRI,POP,WOMEN,MLN_PER,A,2013,2332.318153,2.332318153,
CRI,POP,WOMEN,MLN_PER,A,2014,2362.807244,2.362807244,
CRI,POP,WOMEN,MLN_PER,A,2015,2392.900874,2.392900874,
CRI,POP,WOMEN,MLN_PER,A,2016,2422.550725,2.422550725,
CRI,POP,WOMEN,MLN_PER,A,2017,2451.719889,2.451719889,
CRI,POP,WOMEN,MLN_PER,A,2018,2480.330162,2.480330162,
CRI,POP,WOMEN,MLN_PER,A,2019,2508.329819,2.508329819,
CRI,POP,WOMEN,MLN_PER,A,2020,2535.687867,2.535687867,
HRV,POP,WOMEN,MLN_PER,A,2000,2296.428,2.296428,
HRV,POP,WOMEN,MLN_PER,A,2001,2233.432,2.233432,
HRV,POP,WOMEN,MLN_PER,A,2002,2235.402,2.235402,
HRV,POP,WOMEN,MLN_PER,A,2003,2235.64,2.23564,
HRV,POP,WOMEN,MLN_PER,A,2004,2235.69,2.23569,
HRV,POP,WOMEN,MLN_PER,A,2005,2237.852,2.237852,
HRV,POP,WOMEN,MLN_PER,A,2006,2236.655,2.236655,
HRV,POP,WOMEN,MLN_PER,A,2007,2234.67,2.23467,
HRV,POP,WOMEN,MLN_PER,A,2008,2233.188,2.233188,
HRV,POP,WOMEN,MLN_PER,A,2009,2229.86,2.22986,
HRV,POP,WOMEN,MLN_PER,A,2010,2224.232,2.224232,
HRV,POP,WOMEN,MLN_PER,A,2011,2216.308,2.216308,
HRV,POP,WOMEN,MLN_PER,A,2012,2208.857,2.208857,
HRV,POP,WOMEN,MLN_PER,A,2013,2201.901,2.201901,
HRV,POP,WOMEN,MLN_PER,A,2014,2192.588,2.192588,
HRV,POP,WOMEN,MLN_PER,A,2015,2174.964,2.174964,
HRV,POP,WOMEN,MLN_PER,A,2016,2159.512,2.159512,
HRV,POP,WOMEN,MLN_PER,A,2017,2134.19,2.13419,
HRV,POP,WOMEN,MLN_PER,A,2018,2112.791,2.112791,
HRV,POP,WOMEN,MLN_PER,A,2019,2094.569,2.094569,
HRV,POP,WOMEN,MLN_PER,A,2020,2080,2.08,
CYP,POP,WOMEN,MLN_PER,A,2000,352.817,0.352817,
CYP,POP,WOMEN,MLN_PER,A,2001,357.077,0.357077,
CYP,POP,WOMEN,MLN_PER,A,2002,361.473,0.361473,
CYP,POP,WOMEN,MLN_PER,A,2003,365.955,0.365955,
CYP,POP,WOMEN,MLN_PER,A,2004,371.035,0.371035,
CYP,POP,WOMEN,MLN_PER,A,2005,376.587,0.376587,
CYP,POP,WOMEN,MLN_PER,A,2006,382.916,0.382916,
CYP,POP,WOMEN,MLN_PER,A,2007,391.14,0.39114,
CYP,POP,WOMEN,MLN_PER,A,2008,401.437,0.401437,
CYP,POP,WOMEN,MLN_PER,A,2009,413.271,0.413271,
CYP,POP,WOMEN,MLN_PER,A,2010,425.264,0.425264,
CYP,POP,WOMEN,MLN_PER,A,2011,437.004,0.437004,
CYP,POP,WOMEN,MLN_PER,A,2012,443.928,0.443928,
CYP,POP,WOMEN,MLN_PER,A,2013,442.651,0.442651,
CYP,POP,WOMEN,MLN_PER,A,2014,437.828,0.437828,
CYP,POP,WOMEN,MLN_PER,A,2015,435.405,0.435405,
CYP,POP,WOMEN,MLN_PER,A,2016,436.883,0.436883,
CYP,POP,WOMEN,MLN_PER,A,2017,440.432,0.440432,
CYP,POP,WOMEN,MLN_PER,A,2018,445.399,0.445399,
CYP,POP,WOMEN,MLN_PER,A,2019,450.798,0.450798,
CYP,POP,WOMEN,MLN_PER,A,2020,456.516,0.456516,
IND,POP,WOMEN,MLN_PER,A,2000,507187.684,507.187684,
IND,POP,WOMEN,MLN_PER,A,2001,515957.249,515.957249,
IND,POP,WOMEN,MLN_PER,A,2002,524676.537,524.676537,
IND,POP,WOMEN,MLN_PER,A,2003,533346.647,533.346647,
IND,POP,WOMEN,MLN_PER,A,2004,541973.982,541.973982,
IND,POP,WOMEN,MLN_PER,A,2005,550557.711,550.557711,
IND,POP,WOMEN,MLN_PER,A,2006,559099.816,559.099816,
IND,POP,WOMEN,MLN_PER,A,2007,567579.951,567.579951,
IND,POP,WOMEN,MLN_PER,A,2008,575948.779,575.948779,
IND,POP,WOMEN,MLN_PER,A,2009,584142.641,584.142641,
IND,POP,WOMEN,MLN_PER,A,2010,592116.982,592.116982,
IND,POP,WOMEN,MLN_PER,A,2011,599851.346,599.851346,
IND,POP,WOMEN,MLN_PER,A,2012,607359.892,607.359892,
IND,POP,WOMEN,MLN_PER,A,2013,614676.458,614.676458,
IND,POP,WOMEN,MLN_PER,A,2014,621852.998,621.852998,
IND,POP,WOMEN,MLN_PER,A,2015,628929.06,628.92906,
IND,POP,WOMEN,MLN_PER,A,2016,635912.563,635.912563,
IND,POP,WOMEN,MLN_PER,A,2017,642796.257,642.796257,
IND,POP,WOMEN,MLN_PER,A,2018,649586.703,649.586703,
IND,POP,WOMEN,MLN_PER,A,2019,656288.184,656.288184,
IND,POP,WOMEN,MLN_PER,A,2020,662903.415,662.903415,
IDN,POP,WOMEN,MLN_PER,A,2000,105659.995,105.659995,
IDN,POP,WOMEN,MLN_PER,A,2001,107066.152,107.066152,
IDN,POP,WOMEN,MLN_PER,A,2002,108470.613,108.470613,
IDN,POP,WOMEN,MLN_PER,A,2003,109875.997,109.875997,
IDN,POP,WOMEN,MLN_PER,A,2004,111283.965,111.283965,
IDN,POP,WOMEN,MLN_PER,A,2005,112697.081,112.697081,
IDN,POP,WOMEN,MLN_PER,A,2006,114113.394,114.113394,
IDN,POP,WOMEN,MLN_PER,A,2007,115537.042,115.537042,
IDN,POP,WOMEN,MLN_PER,A,2008,116983.222,116.983222,
IDN,POP,WOMEN,MLN_PER,A,2009,118471.487,118.471487,
IDN,POP,WOMEN,MLN_PER,A,2010,120013.721,120.013721,
IDN,POP,WOMEN,MLN_PER,A,2011,121616.719,121.616719,
IDN,POP,WOMEN,MLN_PER,A,2012,123270.656,123.270656,
IDN,POP,WOMEN,MLN_PER,A,2013,124949.892,124.949892,
IDN,POP,WOMEN,MLN_PER,A,2014,126618.711,126.618711,
IDN,POP,WOMEN,MLN_PER,A,2015,127104.5,127.1045,
IDN,POP,WOMEN,MLN_PER,A,2016,128586.3,128.5863,
IDN,POP,WOMEN,MLN_PER,A,2017,130044.9,130.0449,
IDN,POP,WOMEN,MLN_PER,A,2018,131478.7,131.4787,
IDN,POP,WOMEN,MLN_PER,A,2019,132886.3,132.8863,
IDN,POP,WOMEN,MLN_PER,A,2020,134266.4,134.2664,
LTU,POP,WOMEN,MLN_PER,A,2000,1861.923,1.861923,
LTU,POP,WOMEN,MLN_PER,A,2001,1848.577,1.848577,
LTU,POP,WOMEN,MLN_PER,A,2002,1835.741,1.835741,
LTU,POP,WOMEN,MLN_PER,A,2003,1822.65,1.82265,
LTU,POP,WOMEN,MLN_PER,A,2004,1803.933,1.803933,
LTU,POP,WOMEN,MLN_PER,A,2005,1777.162,1.777162,
LTU,POP,WOMEN,MLN_PER,A,2006,1752.278,1.752278,
LTU,POP,WOMEN,MLN_PER,A,2007,1734.189,1.734189,
LTU,POP,WOMEN,MLN_PER,A,2008,1717.847,1.717847,
LTU,POP,WOMEN,MLN_PER,A,2009,1701.137,1.701137,
LTU,POP,WOMEN,MLN_PER,A,2010,1668.576,1.668576,
LTU,POP,WOMEN,MLN_PER,A,2011,1632.752,1.632752,
LTU,POP,WOMEN,MLN_PER,A,2012,1611.569,1.611569,
LTU,POP,WOMEN,MLN_PER,A,2013,1595.245,1.595245,
LTU,POP,WOMEN,MLN_PER,A,2014,1581.239,1.581239,
LTU,POP,WOMEN,MLN_PER,A,2015,1566.979,1.566979,
LTU,POP,WOMEN,MLN_PER,A,2016,1547.336,1.547336,
LTU,POP,WOMEN,MLN_PER,A,2017,1523.662,1.523662,
LTU,POP,WOMEN,MLN_PER,A,2018,1505.1,1.5051,
LTU,POP,WOMEN,MLN_PER,A,2019,1494.163,1.494163,
LTU,POP,WOMEN,MLN_PER,A,2020,1485.91,1.48591,
MLT,POP,WOMEN,MLN_PER,A,2000,194.669,0.194669,
MLT,POP,WOMEN,MLN_PER,A,2001,198.502,0.198502,
MLT,POP,WOMEN,MLN_PER,A,2002,199.869,0.199869,
MLT,POP,WOMEN,MLN_PER,A,2003,201.114,0.201114,
MLT,POP,WOMEN,MLN_PER,A,2004,202.427,0.202427,
MLT,POP,WOMEN,MLN_PER,A,2005,203.619,0.203619,
MLT,POP,WOMEN,MLN_PER,A,2006,204.131,0.204131,
MLT,POP,WOMEN,MLN_PER,A,2007,204.596,0.204596,
MLT,POP,WOMEN,MLN_PER,A,2008,205.707,0.205707,
MLT,POP,WOMEN,MLN_PER,A,2009,207.072,0.207072,
MLT,POP,WOMEN,MLN_PER,A,2010,208.205,0.208205,
MLT,POP,WOMEN,MLN_PER,A,2011,209.213,0.209213,
MLT,POP,WOMEN,MLN_PER,A,2012,210.99,0.21099,
MLT,POP,WOMEN,MLN_PER,A,2013,213.514,0.213514,
MLT,POP,WOMEN,MLN_PER,A,2014,217.046,0.217046,
MLT,POP,WOMEN,MLN_PER,A,2015,221.613,0.221613,
MLT,POP,WOMEN,MLN_PER,A,2016,226.327,0.226327,
MLT,POP,WOMEN,MLN_PER,A,2017,231.871,0.231871,
MLT,POP,WOMEN,MLN_PER,A,2018,238.412,0.238412,
MLT,POP,WOMEN,MLN_PER,A,2019,245.261,0.245261,
MLT,POP,WOMEN,MLN_PER,A,2020,253.24,0.25324,
ROU,POP,WOMEN,MLN_PER,A,2000,11471.27,11.47127,
ROU,POP,WOMEN,MLN_PER,A,2001,11318.196,11.318196,
ROU,POP,WOMEN,MLN_PER,A,2002,11111.448,11.111448,
ROU,POP,WOMEN,MLN_PER,A,2003,11062.457,11.062457,
ROU,POP,WOMEN,MLN_PER,A,2004,11000.787,11.000787,
ROU,POP,WOMEN,MLN_PER,A,2005,10935.19,10.93519,
ROU,POP,WOMEN,MLN_PER,A,2006,10872.842,10.872842,
ROU,POP,WOMEN,MLN_PER,A,2007,10713.384,10.713384,
ROU,POP,WOMEN,MLN_PER,A,2008,10537.333,10.537333,
ROU,POP,WOMEN,MLN_PER,A,2009,10451.33,10.45133,
ROU,POP,WOMEN,MLN_PER,A,2010,10390.129,10.390129,
ROU,POP,WOMEN,MLN_PER,A,2011,10342.549,10.342549,
ROU,POP,WOMEN,MLN_PER,A,2012,10289.829,10.289829,
ROU,POP,WOMEN,MLN_PER,A,2013,10232.384,10.232384,
ROU,POP,WOMEN,MLN_PER,A,2014,10186.193,10.186193,
ROU,POP,WOMEN,MLN_PER,A,2015,10140.594,10.140594,
ROU,POP,WOMEN,MLN_PER,A,2016,10078.437,10.078437,
ROU,POP,WOMEN,MLN_PER,A,2017,10012.352,10.012352,
ROU,POP,WOMEN,MLN_PER,A,2018,9947.777,9.947777,
ROU,POP,WOMEN,MLN_PER,A,2019,9893.174,9.893174,
ROU,POP,WOMEN,MLN_PER,A,2020,9840.455,9.840455,
SAU,POP,WOMEN,MLN_PER,A,2000,9415.348,9.415348,
SAU,POP,WOMEN,MLN_PER,A,2001,9633.879,9.633879,
SAU,POP,WOMEN,MLN_PER,A,2002,9852.692,9.852692,
SAU,POP,WOMEN,MLN_PER,A,2003,10075.877,10.075877,
SAU,POP,WOMEN,MLN_PER,A,2004,10308.767,10.308767,
SAU,POP,WOMEN,MLN_PER,A,2005,10555.254,10.555254,
SAU,POP,WOMEN,MLN_PER,A,2006,10814.704,10.814704,
SAU,POP,WOMEN,MLN_PER,A,2007,11085.954,11.085954,
SAU,POP,WOMEN,MLN_PER,A,2008,11371.436,11.371436,
SAU,POP,WOMEN,MLN_PER,A,2009,11673.941,11.673941,
SAU,POP,WOMEN,MLN_PER,A,2010,11993.977,11.993977,
SAU,POP,WOMEN,MLN_PER,A,2011,12335.152,12.335152,
SAU,POP,WOMEN,MLN_PER,A,2012,12693.016,12.693016,
SAU,POP,WOMEN,MLN_PER,A,2013,13050.172,13.050172,
SAU,POP,WOMEN,MLN_PER,A,2014,13383.388,13.383388,
SAU,POP,WOMEN,MLN_PER,A,2015,13676.743,13.676743,
SAU,POP,WOMEN,MLN_PER,A,2016,13527.861,13.527861,
SAU,POP,WOMEN,MLN_PER,A,2017,13866.795,13.866795,
SAU,POP,WOMEN,MLN_PER,A,2018,14172.704,14.172704,
SAU,POP,WOMEN,MLN_PER,A,2019,14479.113,14.479113,
SAU,POP,WOMEN,MLN_PER,A,2020,14781.989,14.781989,
SGP,POP,WOMEN,MLN_PER,A,2000,1638.696,1.638696,
SGP,POP,WOMEN,MLN_PER,A,2001,1667.344,1.667344,
SGP,POP,WOMEN,MLN_PER,A,2002,1698.649,1.698649,
SGP,POP,WOMEN,MLN_PER,A,2003,1693.49,1.69349,
SGP,POP,WOMEN,MLN_PER,A,2004,1718.235,1.718235,
SGP,POP,WOMEN,MLN_PER,A,2005,1746.675,1.746675,
SGP,POP,WOMEN,MLN_PER,A,2006,1777.652,1.777652,
SGP,POP,WOMEN,MLN_PER,A,2007,1807.605,1.807605,
SGP,POP,WOMEN,MLN_PER,A,2008,1839.667,1.839667,
SGP,POP,WOMEN,MLN_PER,A,2009,1889.144,1.889144,
SGP,POP,WOMEN,MLN_PER,A,2010,1910.588,1.910588,
SGP,POP,WOMEN,MLN_PER,A,2011,1921.081,1.921081,
SGP,POP,WOMEN,MLN_PER,A,2012,1938.159,1.938159,
SGP,POP,WOMEN,MLN_PER,A,2013,1953.247,1.953247,
SGP,POP,WOMEN,MLN_PER,A,2014,1968.329,1.968329,
SGP,POP,WOMEN,MLN_PER,A,2015,1986.062,1.986062,
SGP,POP,WOMEN,MLN_PER,A,2016,2004.033,2.004033,
SGP,POP,WOMEN,MLN_PER,A,2017,2022.251,2.022251,
SGP,POP,WOMEN,MLN_PER,A,2018,2038.445,2.038445,
SGP,POP,WOMEN,MLN_PER,A,2019,2056.827,2.056827,
SGP,POP,WOMEN,MLN_PER,A,2020,2066.654,2.066654,
ZAF,POP,WOMEN,MLN_PER,A,2000,22796.107,22.796107,
ZAF,POP,WOMEN,MLN_PER,A,2001,23103.252,23.103252,
ZAF,POP,WOMEN,MLN_PER,A,2002,24124.244,24.124244,
ZAF,POP,WOMEN,MLN_PER,A,2003,24340.773,24.340773,
ZAF,POP,WOMEN,MLN_PER,A,2004,24578.989,24.578989,
ZAF,POP,WOMEN,MLN_PER,A,2005,24829.229,24.829229,
ZAF,POP,WOMEN,MLN_PER,A,2006,25087.697,25.087697,
ZAF,POP,WOMEN,MLN_PER,A,2007,25368.797,25.368797,
ZAF,POP,WOMEN,MLN_PER,A,2008,25674.227,25.674227,
ZAF,POP,WOMEN,MLN_PER,A,2009,26017.694,26.017694,
ZAF,POP,WOMEN,MLN_PER,A,2010,26387.157,26.387157,
ZAF,POP,WOMEN,MLN_PER,A,2011,26772.684,26.772684,
ZAF,POP,WOMEN,MLN_PER,A,2012,27166.873,27.166873,
ZAF,POP,WOMEN,MLN_PER,A,2013,27567.549,27.567549,
ZAF,POP,WOMEN,MLN_PER,A,2014,27979.534,27.979534,
ZAF,POP,WOMEN,MLN_PER,A,2015,28385.78,28.38578,
ZAF,POP,WOMEN,MLN_PER,A,2016,28787.003,28.787003,
ZAF,POP,WOMEN,MLN_PER,A,2017,29200.151,29.200151,
ZAF,POP,WOMEN,MLN_PER,A,2018,29624.809,29.624809,
ZAF,POP,WOMEN,MLN_PER,A,2019,30050.368,30.050368,
ZAF,POP,WOMEN,MLN_PER,A,2020,30452.449,30.452449,
WLD,POP,WOMEN,MLN_PER,A,2000,3050059.948,3050.059948,
WLD,POP,WOMEN,MLN_PER,A,2001,3089024.77,3089.02477,
WLD,POP,WOMEN,MLN_PER,A,2002,3127872.723,3127.872723,
WLD,POP,WOMEN,MLN_PER,A,2003,3166763.11,3166.76311,
WLD,POP,WOMEN,MLN_PER,A,2004,3205896.765,3205.896765,
WLD,POP,WOMEN,MLN_PER,A,2005,3245421.689,3245.421689,
WLD,POP,WOMEN,MLN_PER,A,2006,3285384.988,3285.384988,
WLD,POP,WOMEN,MLN_PER,A,2007,3325763.623,3325.763623,
WLD,POP,WOMEN,MLN_PER,A,2008,3366542.29,3366.54229,
WLD,POP,WOMEN,MLN_PER,A,2009,3407677.565,3407.677565,
WLD,POP,WOMEN,MLN_PER,A,2010,3449119.953,3449.119953,
WLD,POP,WOMEN,MLN_PER,A,2011,3490861.575,3490.861575,
WLD,POP,WOMEN,MLN_PER,A,2012,3532864.951,3532.864951,
WLD,POP,WOMEN,MLN_PER,A,2013,3575006.709,3575.006709,
WLD,POP,WOMEN,MLN_PER,A,2014,3617128.922,3617.128922,
WLD,POP,WOMEN,MLN_PER,A,2015,3659100.593,3659.100593,
WLD,POP,WOMEN,MLN_PER,A,2016,3700864.713,3700.864713,
WLD,POP,WOMEN,MLN_PER,A,2017,3742389.807,3742.389807,
WLD,POP,WOMEN,MLN_PER,A,2018,3783603.252,3783.603252,
WLD,POP,WOMEN,MLN_PER,A,2019,3824433.594,3824.433594,
WLD,POP,WOMEN,MLN_PER,A,2020,3864824.776,3864.824776,
G20,POP,WOMEN,MLN_PER,A,2000,2048142.877,2048.142877,
G20,POP,WOMEN,MLN_PER,A,2001,2067718.45,2067.71845,
G20,POP,WOMEN,MLN_PER,A,2002,2087737.67,2087.73767,
G20,POP,WOMEN,MLN_PER,A,2003,2106870.7,2106.8707,
G20,POP,WOMEN,MLN_PER,A,2004,2125812.741,2125.812741,
G20,POP,WOMEN,MLN_PER,A,2005,2144787.168,2144.787168,
G20,POP,WOMEN,MLN_PER,A,2006,2163840.603,2163.840603,
G20,POP,WOMEN,MLN_PER,A,2007,2183200.018,2183.200018,
G20,POP,WOMEN,MLN_PER,A,2008,2202585.353,2202.585353,
G20,POP,WOMEN,MLN_PER,A,2009,2221705.16,2221.70516,
G20,POP,WOMEN,MLN_PER,A,2010,2241526.777,2241.526777,
G20,POP,WOMEN,MLN_PER,A,2011,2259734.728,2259.734728,
G20,POP,WOMEN,MLN_PER,A,2012,2278005.884,2278.005884,
G20,POP,WOMEN,MLN_PER,A,2013,2295954.801,2295.954801,
G20,POP,WOMEN,MLN_PER,A,2014,2314037.791,2314.037791,
G20,POP,WOMEN,MLN_PER,A,2015,2331843.216,2331.843216,
G20,POP,WOMEN,MLN_PER,A,2016,2348826.384,2348.826384,
G20,POP,WOMEN,MLN_PER,A,2017,2365682.212,2365.682212,
G20,POP,WOMEN,MLN_PER,A,2018,2382080.479,2382.080479,
G20,POP,WOMEN,MLN_PER,A,2019,2397995.555,2397.995555,
G20,POP,WOMEN,MLN_PER,A,2020,2412622.305,2412.622305,
OECD,POP,WOMEN,MLN_PER,A,2000,612471.69,612.47169,
OECD,POP,WOMEN,MLN_PER,A,2001,616822.825,616.822825,
OECD,POP,WOMEN,MLN_PER,A,2002,621253.639,621.253639,
OECD,POP,WOMEN,MLN_PER,A,2003,625665.189,625.665189,
OECD,POP,WOMEN,MLN_PER,A,2004,630013.065,630.013065,
OECD,POP,WOMEN,MLN_PER,A,2005,634425.587,634.425587,
OECD,POP,WOMEN,MLN_PER,A,2006,638965.0335,638.9650335,
OECD,POP,WOMEN,MLN_PER,A,2007,643891.935,643.891935,
OECD,POP,WOMEN,MLN_PER,A,2008,648807.843,648.807843,
OECD,POP,WOMEN,MLN_PER,A,2009,653377.0245,653.3770245,
OECD,POP,WOMEN,MLN_PER,A,2010,658409.648,658.409648,
OECD,POP,WOMEN,MLN_PER,A,2011,661972.841,661.972841,
OECD,POP,WOMEN,MLN_PER,A,2012,665914.4429,665.9144429,
OECD,POP,WOMEN,MLN_PER,A,2013,669671.4697,669.6714697,
OECD,POP,WOMEN,MLN_PER,A,2014,673749.8687,673.7498687,
OECD,POP,WOMEN,MLN_PER,A,2015,677695.1839,677.6951839,
OECD,POP,WOMEN,MLN_PER,A,2016,681753.8162,681.7538162,
OECD,POP,WOMEN,MLN_PER,A,2017,685527.5894,685.5275894,
OECD,POP,WOMEN,MLN_PER,A,2018,689232.8552,689.2328552,
OECD,POP,WOMEN,MLN_PER,A,2019,692835.8388,692.8358388,
OECD,POP,WOMEN,MLN_PER,A,2020,695699.7644,695.6997644,
EU27,POP,WOMEN,MLN_PER,A,2000,220135.192,220.135192,
EU27,POP,WOMEN,MLN_PER,A,2001,220377.469,220.377469,
EU27,POP,WOMEN,MLN_PER,A,2002,220875.8585,220.8758585,
EU27,POP,WOMEN,MLN_PER,A,2003,221672.928,221.672928,
EU27,POP,WOMEN,MLN_PER,A,2004,222461.5695,222.4615695,
EU27,POP,WOMEN,MLN_PER,A,2005,223251.9045,223.2519045,
EU27,POP,WOMEN,MLN_PER,A,2006,223936.6795,223.9366795,
EU27,POP,WOMEN,MLN_PER,A,2007,224689.993,224.689993,
EU27,POP,WOMEN,MLN_PER,A,2008,225429.989,225.429989,
EU27,POP,WOMEN,MLN_PER,A,2009,225996.9355,225.9969355,
EU27,POP,WOMEN,MLN_PER,A,2010,226554.4385,226.5544385,
EU27,POP,WOMEN,MLN_PER,A,2011,226363.017,226.363017,
EU27,POP,WOMEN,MLN_PER,A,2012,226672.408,226.672408,
EU27,POP,WOMEN,MLN_PER,A,2013,226847.572,226.847572,
EU27,POP,WOMEN,MLN_PER,A,2014,227200.604,227.200604,
EU27,POP,WOMEN,MLN_PER,A,2015,227509.62,227.50962,
EU27,POP,WOMEN,MLN_PER,A,2016,227831.8605,227.8318605,
EU27,POP,WOMEN,MLN_PER,A,2017,228089.5515,228.0895515,
EU27,POP,WOMEN,MLN_PER,A,2018,228375.3755,228.3753755,
EU27,POP,WOMEN,MLN_PER,A,2019,228744.232,228.744232,
EU27,POP,WOMEN,MLN_PER,A,2020,228910.866,228.910866,